#
# There is insufficient memory for the Java Runtime Environment to continue.
# Native memory allocation (mmap) failed to map 29360128 bytes. Error detail: G1 virtual space
# Possible reasons:
#   The system is out of physical RAM or swap space
#   This process is running with CompressedOops enabled, and the Java Heap may be blocking the growth of the native heap
# Possible solutions:
#   Reduce memory load on the system
#   Increase physical memory or swap space
#   Check if swap backing store is full
#   Decrease Java heap size (-Xmx/-Xms)
#   Decrease number of Java threads
#   Decrease Java thread stack sizes (-Xss)
#   Set larger code cache with -XX:ReservedCodeCacheSize=
#   JVM is running with Unscaled Compressed Oops mode in which the Java heap is
#     placed in the first 4GB address space. The Java Heap base address is the
#     maximum limit for the native heap growth. Please use -XX:HeapBaseMinAddress
#     to set the Java Heap base and to place the Java Heap above 4GB virtual address.
# This output file may be truncated or incomplete.
#
#  Out of Memory Error (os_windows.cpp:3679), pid=13592, tid=30732
#
# JRE version: OpenJDK Runtime Environment Microsoft-10376486 (17.0.13+11) (build 17.0.13+11-LTS)
# Java VM: OpenJDK 64-Bit Server VM Microsoft-10376486 (17.0.13+11-LTS, mixed mode, sharing, tiered, compressed oops, compressed class ptrs, g1 gc, windows-amd64)
# No core dump will be written. Minidumps are not enabled by default on client versions of Windows
#

---------------  S U M M A R Y ------------

Command Line: --add-opens=java.base/java.lang=ALL-UNNAMED --add-opens=java.base/java.lang.invoke=ALL-UNNAMED --add-opens=java.base/java.util=ALL-UNNAMED --add-opens=java.prefs/java.util.prefs=ALL-UNNAMED --add-exports=jdk.compiler/com.sun.tools.javac.api=ALL-UNNAMED --add-exports=jdk.compiler/com.sun.tools.javac.util=ALL-UNNAMED --add-opens=java.base/java.util=ALL-UNNAMED --add-opens=java.prefs/java.util.prefs=ALL-UNNAMED --add-opens=java.base/java.nio.charset=ALL-UNNAMED --add-opens=java.base/java.net=ALL-UNNAMED --add-opens=java.base/java.util.concurrent=ALL-UNNAMED --add-opens=java.base/java.util.concurrent.atomic=ALL-UNNAMED --add-opens=java.xml/javax.xml.namespace=ALL-UNNAMED --add-opens=java.base/java.time=ALL-UNNAMED -XX:MaxMetaspaceSize=512m -Xmx2g -Dfile.encoding=windows-1252 -Duser.country=IN -Duser.language=en -Duser.variant -javaagent:C:\GradleCache\wrapper\dists\gradle-9.3.1-bin\23ovyewtku6u96viwx3xl3oks\gradle-9.3.1\lib\agents\gradle-instrumentation-agent-9.3.1.jar org.gradle.launcher.daemon.bootstrap.GradleDaemon 9.3.1

Host: 12th Gen Intel(R) Core(TM) i3-1215U, 8 cores, 15G,  Windows 11 , 64 bit Build 26100 (10.0.26100.8521)
Time: Tue Jun  2 12:38:40 2026 India Standard Time elapsed time: 902.841248 seconds (0d 0h 15m 2s)

---------------  T H R E A D  ---------------

Current thread (0x000001added59860):  VMThread "VM Thread" [stack: 0x0000008aa0d00000,0x0000008aa0e00000] [id=30732]

Stack: [0x0000008aa0d00000,0x0000008aa0e00000]
Native frames: (J=compiled Java code, j=interpreted, Vv=VM code, C=native code)
V  [jvm.dll+0x687fc9]
V  [jvm.dll+0x83eeb8]
V  [jvm.dll+0x840963]
V  [jvm.dll+0x840fd3]
V  [jvm.dll+0x24951f]
V  [jvm.dll+0x684f89]
V  [jvm.dll+0x6794aa]
V  [jvm.dll+0x30ad27]
V  [jvm.dll+0x312296]
V  [jvm.dll+0x362bde]
V  [jvm.dll+0x362e1d]
V  [jvm.dll+0x2e1fbc]
V  [jvm.dll+0x2e4fd6]
V  [jvm.dll+0x2ef70c]
V  [jvm.dll+0x3228ed]
V  [jvm.dll+0x84580d]
V  [jvm.dll+0x846543]
V  [jvm.dll+0x846a6f]
V  [jvm.dll+0x846e54]
V  [jvm.dll+0x846f1e]
V  [jvm.dll+0x7eea6c]
V  [jvm.dll+0x686ea7]
C  [ucrtbase.dll+0x2cd30]
C  [KERNEL32.DLL+0x2e957]
C  [ntdll.dll+0x87c1c]

VM_Operation (0x0000008aa09ff890): G1PauseRemark, mode: safepoint, requested by thread 0x000001adc08f2220


---------------  P R O C E S S  ---------------

Threads class SMR info:
_java_thread_list=0x000001ad8cb14530, length=71, elements={
0x000001adc08845f0, 0x000001added5eb60, 0x000001added611b0, 0x000001adfe0091f0,
0x000001adfe00bad0, 0x000001adfe00c3a0, 0x000001adfe00cc70, 0x000001adfe00d870,
0x000001adfe02cac0, 0x000001adfe09c380, 0x000001added4a150, 0x000001adfe1d3410,
0x000001adfec64e00, 0x000001adfec62580, 0x000001adfec65820, 0x000001ad80849060,
0x000001ad8084bdf0, 0x000001ad8084b3d0, 0x000001ad80849a80, 0x000001ad8084d740,
0x000001ad8084d230, 0x000001ad8084dc50, 0x000001ad82631d00, 0x000001ad811dea00,
0x000001ad811e26c0, 0x000001ad811e30e0, 0x000001ad811e2bd0, 0x000001ad811e35f0,
0x000001ad811e4f40, 0x000001ad811e5450, 0x000001ad8262fea0, 0x000001ad8262f480,
0x000001ad8262d110, 0x000001ad826303b0, 0x000001ad8262cc00, 0x000001ad82630dd0,
0x000001ad8262ef70, 0x000001ad826308c0, 0x000001ad8262d620, 0x000001ad8262e550,
0x000001ad826312e0, 0x000001ad8262db30, 0x000001ad8262ea60, 0x000001ad8262e040,
0x000001ad82632210, 0x000001ad83004570, 0x000001ad8262f990, 0x000001ad83005560,
0x000001ad82632c30, 0x000001ad82633650, 0x000001ad82633b60, 0x000001ad8084aec0,
0x000001ad8084c810, 0x000001ad8084cd20, 0x000001ad80849570, 0x000001ad8084a9b0,
0x000001ad80849f90, 0x000001ad8084c300, 0x000001ad8084a4a0, 0x000001ad8084e160,
0x000001ad8084eb80, 0x000001ad8084f090, 0x000001ad8084f5a0, 0x000001ad8084fab0,
0x000001ad8084ffc0, 0x000001ad808504d0, 0x000001ad808509e0, 0x000001ad811e0d70,
0x000001ad811e1280, 0x000001ad811df930, 0x000001ad811e1790
}

Java Threads: ( => current thread )
  0x000001adc08845f0 JavaThread "main" [_thread_blocked, id=14936, stack(0x0000008aa0700000,0x0000008aa0800000)]
  0x000001added5eb60 JavaThread "Reference Handler" daemon [_thread_blocked, id=35484, stack(0x0000008aa0e00000,0x0000008aa0f00000)]
  0x000001added611b0 JavaThread "Finalizer" daemon [_thread_blocked, id=18436, stack(0x0000008aa0f00000,0x0000008aa1000000)]
  0x000001adfe0091f0 JavaThread "Signal Dispatcher" daemon [_thread_blocked, id=28764, stack(0x0000008aa1000000,0x0000008aa1100000)]
  0x000001adfe00bad0 JavaThread "Attach Listener" daemon [_thread_blocked, id=11808, stack(0x0000008aa1100000,0x0000008aa1200000)]
  0x000001adfe00c3a0 JavaThread "Service Thread" daemon [_thread_blocked, id=31552, stack(0x0000008aa1200000,0x0000008aa1300000)]
  0x000001adfe00cc70 JavaThread "Monitor Deflation Thread" daemon [_thread_blocked, id=10696, stack(0x0000008aa1300000,0x0000008aa1400000)]
  0x000001adfe00d870 JavaThread "C2 CompilerThread0" daemon [_thread_blocked, id=29712, stack(0x0000008aa1400000,0x0000008aa1500000)]
  0x000001adfe02cac0 JavaThread "C1 CompilerThread0" daemon [_thread_blocked, id=19256, stack(0x0000008aa1500000,0x0000008aa1600000)]
  0x000001adfe09c380 JavaThread "Sweeper thread" daemon [_thread_blocked, id=8344, stack(0x0000008aa1600000,0x0000008aa1700000)]
  0x000001added4a150 JavaThread "Common-Cleaner" daemon [_thread_blocked, id=34724, stack(0x0000008aa1700000,0x0000008aa1800000)]
  0x000001adfe1d3410 JavaThread "Notification Thread" daemon [_thread_blocked, id=33532, stack(0x0000008aa1800000,0x0000008aa1900000)]
  0x000001adfec64e00 JavaThread "Daemon health stats" [_thread_blocked, id=24932, stack(0x0000008aa1b00000,0x0000008aa1c00000)]
  0x000001adfec62580 JavaThread "Incoming local TCP Connector on port 55353" [_thread_in_native, id=26132, stack(0x0000008aa2200000,0x0000008aa2300000)]
  0x000001adfec65820 JavaThread "Daemon periodic checks" [_thread_blocked, id=17576, stack(0x0000008aa2300000,0x0000008aa2400000)]
  0x000001ad80849060 JavaThread "Cache worker for journal cache (C:\GradleCache\caches\journal-1)" [_thread_blocked, id=27572, stack(0x0000008aa2b00000,0x0000008aa2c00000)]
  0x000001ad8084bdf0 JavaThread "File lock request listener" [_thread_in_native, id=28012, stack(0x0000008aa2d00000,0x0000008aa2e00000)]
  0x000001ad8084b3d0 JavaThread "Cache worker for file hash cache (C:\GradleCache\caches\9.3.1\fileHashes)" [_thread_blocked, id=25204, stack(0x0000008aa2e00000,0x0000008aa2f00000)]
  0x000001ad80849a80 JavaThread "Cache worker for file content cache (C:\GradleCache\caches\9.3.1\fileContent)" [_thread_blocked, id=29916, stack(0x0000008aa3500000,0x0000008aa3600000)]
  0x000001ad8084d740 JavaThread "File watcher server" daemon [_thread_blocked, id=12424, stack(0x0000008aa2c00000,0x0000008aa2d00000)]
  0x000001ad8084d230 JavaThread "File watcher consumer" daemon [_thread_blocked, id=32852, stack(0x0000008aa3400000,0x0000008aa3500000)]
  0x000001ad8084dc50 JavaThread "jar transforms" [_thread_blocked, id=19800, stack(0x0000008aa3d00000,0x0000008aa3e00000)]
  0x000001ad82631d00 JavaThread "Memory manager" [_thread_blocked, id=17292, stack(0x0000008aa5d00000,0x0000008aa5e00000)]
  0x000001ad811dea00 JavaThread "jar transforms Thread 2" [_thread_blocked, id=27724, stack(0x0000008aaa500000,0x0000008aaa600000)]
  0x000001ad811e26c0 JavaThread "jar transforms Thread 3" [_thread_blocked, id=24268, stack(0x0000008aaa600000,0x0000008aaa700000)]
  0x000001ad811e30e0 JavaThread "jar transforms Thread 4" [_thread_blocked, id=4788, stack(0x0000008aaaa00000,0x0000008aaab00000)]
  0x000001ad811e2bd0 JavaThread "jar transforms Thread 5" [_thread_blocked, id=14380, stack(0x0000008aaab00000,0x0000008aaac00000)]
  0x000001ad811e35f0 JavaThread "jar transforms Thread 6" [_thread_blocked, id=19500, stack(0x0000008aaac00000,0x0000008aaad00000)]
  0x000001ad811e4f40 JavaThread "jar transforms Thread 7" [_thread_blocked, id=27984, stack(0x0000008aa8700000,0x0000008aa8800000)]
  0x000001ad811e5450 JavaThread "jar transforms Thread 8" [_thread_blocked, id=31848, stack(0x0000008aaae00000,0x0000008aaaf00000)]
  0x000001ad8262fea0 JavaThread "Daemon Thread 2" [_thread_blocked, id=15504, stack(0x0000008aa0600000,0x0000008aa0700000)]
  0x000001ad8262f480 JavaThread "Handler for socket connection from /127.0.0.1:55353 to /127.0.0.1:54647" [_thread_in_native, id=12848, stack(0x0000008aa2100000,0x0000008aa2200000)]
  0x000001ad8262d110 JavaThread "Cancel handler" [_thread_blocked, id=19128, stack(0x0000008aa2400000,0x0000008aa2500000)]
  0x000001ad826303b0 JavaThread "Daemon worker Thread 2" [_thread_blocked, id=23892, stack(0x0000008aa2500000,0x0000008aa2600000)]
  0x000001ad8262cc00 JavaThread "Asynchronous log dispatcher for DefaultDaemonConnection: socket connection from /127.0.0.1:55353 to /127.0.0.1:54647" [_thread_blocked, id=30968, stack(0x0000008aa2600000,0x0000008aa2700000)]
  0x000001ad82630dd0 JavaThread "Stdin handler" [_thread_blocked, id=5676, stack(0x0000008aa2700000,0x0000008aa2800000)]
  0x000001ad8262ef70 JavaThread "Daemon client event forwarder" [_thread_blocked, id=14348, stack(0x0000008aa2800000,0x0000008aa2900000)]
  0x000001ad826308c0 JavaThread "Cache worker for file hash cache (D:\Sakshi\Ludo-Frontend\android\.gradle\9.3.1\fileHashes)" [_thread_blocked, id=16132, stack(0x0000008aa2900000,0x0000008aa2a00000)]
  0x000001ad8262d620 JavaThread "Cache worker for checksums cache (D:\Sakshi\Ludo-Frontend\android\.gradle\9.3.1\checksums)" [_thread_blocked, id=26116, stack(0x0000008aa2a00000,0x0000008aa2b00000)]
  0x000001ad8262e550 JavaThread "Cache worker for Build Output Cleanup Cache (D:\Sakshi\Ludo-Frontend\android\.gradle\buildOutputCleanup)" [_thread_blocked, id=34108, stack(0x0000008aa3100000,0x0000008aa3200000)]
  0x000001ad826312e0 JavaThread "Exec process Thread 10" [_thread_in_native, id=17584, stack(0x0000008aa3700000,0x0000008aa3800000)]
  0x000001ad8262db30 JavaThread "Exec process Thread 11" [_thread_in_native, id=2752, stack(0x0000008aa3800000,0x0000008aa3900000)]
  0x000001ad8262ea60 JavaThread "Exec process Thread 12" [_thread_in_native, id=2320, stack(0x0000008aa3900000,0x0000008aa3a00000)]
  0x000001ad8262e040 JavaThread "Cache worker for cache directory md-supplier (C:\GradleCache\caches\9.3.1\md-supplier)" [_thread_blocked, id=19032, stack(0x0000008aa3300000,0x0000008aa3400000)]
  0x000001ad82632210 JavaThread "Cache worker for cache directory md-rule (C:\GradleCache\caches\9.3.1\md-rule)" [_thread_blocked, id=20108, stack(0x0000008aa3a00000,0x0000008aa3b00000)]
  0x000001ad83004570 JavaThread "C2 CompilerThread1" daemon [_thread_blocked, id=26928, stack(0x0000008aa3200000,0x0000008aa3300000)]
  0x000001ad8262f990 JavaThread "build event listener" [_thread_blocked, id=15252, stack(0x0000008aa3e00000,0x0000008aa3f00000)]
  0x000001ad83005560 JavaThread "C2 CompilerThread2" daemon [_thread_blocked, id=1040, stack(0x0000008aa3c00000,0x0000008aa3d00000)]
  0x000001ad82632c30 JavaThread "build event listener" [_thread_blocked, id=21700, stack(0x0000008aa3f00000,0x0000008aa4000000)]
  0x000001ad82633650 JavaThread "Build operations" [_thread_blocked, id=2296, stack(0x0000008aa4000000,0x0000008aa4100000)]
  0x000001ad82633b60 JavaThread "Build operations Thread 2" [_thread_blocked, id=19796, stack(0x0000008aa4100000,0x0000008aa4200000)]
  0x000001ad8084aec0 JavaThread "Build operations Thread 3" [_thread_blocked, id=2780, stack(0x0000008aa4200000,0x0000008aa4300000)]
  0x000001ad8084c810 JavaThread "Build operations Thread 4" [_thread_blocked, id=7004, stack(0x0000008aa4300000,0x0000008aa4400000)]
  0x000001ad8084cd20 JavaThread "Build operations Thread 5" [_thread_blocked, id=30912, stack(0x0000008aa4400000,0x0000008aa4500000)]
  0x000001ad80849570 JavaThread "Build operations Thread 6" [_thread_blocked, id=18120, stack(0x0000008aa4500000,0x0000008aa4600000)]
  0x000001ad8084a9b0 JavaThread "Build operations Thread 7" [_thread_blocked, id=30936, stack(0x0000008aa4600000,0x0000008aa4700000)]
  0x000001ad80849f90 JavaThread "included builds" [_thread_blocked, id=1660, stack(0x0000008aa3b00000,0x0000008aa3c00000)]
  0x000001ad8084c300 JavaThread "Execution worker" [_thread_blocked, id=25412, stack(0x0000008aa4700000,0x0000008aa4800000)]
  0x000001ad8084a4a0 JavaThread "Execution worker Thread 2" [_thread_blocked, id=15192, stack(0x0000008aa4800000,0x0000008aa4900000)]
  0x000001ad8084e160 JavaThread "Execution worker Thread 3" [_thread_blocked, id=28628, stack(0x0000008aa4900000,0x0000008aa4a00000)]
  0x000001ad8084eb80 JavaThread "Execution worker Thread 4" [_thread_blocked, id=22264, stack(0x0000008aa4a00000,0x0000008aa4b00000)]
  0x000001ad8084f090 JavaThread "Cache worker for execution history cache (D:\Sakshi\Ludo-Frontend\android\.gradle\9.3.1\executionHistory)" [_thread_blocked, id=29952, stack(0x0000008aa4b00000,0x0000008aa4c00000)]
  0x000001ad8084f5a0 JavaThread "Execution worker Thread 5" [_thread_blocked, id=34220, stack(0x0000008aa4c00000,0x0000008aa4d00000)]
  0x000001ad8084fab0 JavaThread "Execution worker Thread 6" [_thread_blocked, id=11612, stack(0x0000008aa4d00000,0x0000008aa4e00000)]
  0x000001ad8084ffc0 JavaThread "Execution worker Thread 7" [_thread_blocked, id=17704, stack(0x0000008aa4e00000,0x0000008aa4f00000)]
  0x000001ad808504d0 JavaThread "Exec process Thread 13" [_thread_in_native, id=22892, stack(0x0000008aa4f00000,0x0000008aa5000000)]
  0x000001ad808509e0 JavaThread "Exec process Thread 14" [_thread_in_native, id=12888, stack(0x0000008aa5000000,0x0000008aa5100000)]
  0x000001ad811e0d70 JavaThread "Exec process Thread 15" [_thread_in_native, id=18152, stack(0x0000008aa5100000,0x0000008aa5200000)]
  0x000001ad811e1280 JavaThread "Exec process Thread 16" [_thread_in_native, id=27960, stack(0x0000008aa5200000,0x0000008aa5300000)]
  0x000001ad811df930 JavaThread "Exec process Thread 17" [_thread_blocked, id=35628, stack(0x0000008aa5300000,0x0000008aa5400000)]
  0x000001ad811e1790 JavaThread "Exec process Thread 18" [_thread_blocked, id=21972, stack(0x0000008aa5400000,0x0000008aa5500000)]

Other Threads:
=>0x000001added59860 VMThread "VM Thread" [stack: 0x0000008aa0d00000,0x0000008aa0e00000] [id=30732]
  0x000001adc0885280 WatcherThread [stack: 0x0000008aa1900000,0x0000008aa1a00000] [id=22396]
  0x000001adc08e1bf0 GCTaskThread "GC Thread#0" [stack: 0x0000008aa0800000,0x0000008aa0900000] [id=7436]
  0x000001adfe7d99f0 GCTaskThread "GC Thread#1" [stack: 0x0000008aa1c00000,0x0000008aa1d00000] [id=9968]
  0x000001adfe7d9cb0 GCTaskThread "GC Thread#2" [stack: 0x0000008aa1d00000,0x0000008aa1e00000] [id=35776]
  0x000001adfe325890 GCTaskThread "GC Thread#3" [stack: 0x0000008aa1e00000,0x0000008aa1f00000] [id=1844]
  0x000001adfe325b50 GCTaskThread "GC Thread#4" [stack: 0x0000008aa1f00000,0x0000008aa2000000] [id=13760]
  0x000001adfe325e10 GCTaskThread "GC Thread#5" [stack: 0x0000008aa2000000,0x0000008aa2100000] [id=20044]
  0x000001adfe87e570 GCTaskThread "GC Thread#6" [stack: 0x0000008aa1a00000,0x0000008aa1b00000] [id=25284]
  0x000001adfe87f8b0 GCTaskThread "GC Thread#7" [stack: 0x0000008aa2f00000,0x0000008aa3000000] [id=31648]
  0x000001adc08f2220 ConcurrentGCThread "G1 Main Marker" [stack: 0x0000008aa0900000,0x0000008aa0a00000] [id=8936]
  0x000001adc08f3820 ConcurrentGCThread "G1 Conc#0" [stack: 0x0000008aa0a00000,0x0000008aa0b00000] [id=26572]
  0x000001adfe87f070 ConcurrentGCThread "G1 Conc#1" [stack: 0x0000008aa3000000,0x0000008aa3100000] [id=28984]
  0x000001adc092e9e0 ConcurrentGCThread "G1 Refine#0" [stack: 0x0000008aa0b00000,0x0000008aa0c00000] [id=9780]
  0x000001ad80e783e0 ConcurrentGCThread "G1 Refine#1" [stack: 0x0000008aa3600000,0x0000008aa3700000] [id=30584]
  0x000001ad80be86b0 ConcurrentGCThread "G1 Refine#2" [stack: 0x0000008aab000000,0x0000008aab100000] [id=13820]
  0x000001ad80be9270 ConcurrentGCThread "G1 Refine#3" [stack: 0x0000008aab100000,0x0000008aab200000] [id=25936]
  0x000001addec0e5d0 ConcurrentGCThread "G1 Service" [stack: 0x0000008aa0c00000,0x0000008aa0d00000] [id=12920]

Threads with active compile tasks:
C2 CompilerThread0   902885 26330       4       org.gradle.internal.logging.progress.DefaultProgressLoggerFactory$ProgressLoggerImpl::started (191 bytes)
C2 CompilerThread1   902885 26333       4       org.gradle.internal.operations.DefaultBuildOperationRunner$BuildOperationTrackingListener::start (53 bytes)
C2 CompilerThread2   902885 26331       4       org.gradle.internal.operations.BuildOperationProgressEventListenerAdapter::start (53 bytes)

VM state: at safepoint (normal execution)

VM Mutex/Monitor currently owned by a thread:  ([mutex/lock_event])
[0x000001adc08807a0] Threads_lock - owner thread: 0x000001added59860
[0x000001adc0880950] Heap_lock - owner thread: 0x000001adc08f2220

Heap address: 0x0000000080000000, size: 2048 MB, Compressed Oops mode: 32-bit

CDS archive(s) mapped at: [0x000001addf000000-0x000001addfbb0000-0x000001addfbb0000), size 12255232, SharedBaseAddress: 0x000001addf000000, ArchiveRelocationMode: 1.
Compressed class space mapped at: 0x000001ade0000000-0x000001adfa000000, reserved size: 436207616
Narrow klass base: 0x000001addf000000, Narrow klass shift: 0, Narrow klass range: 0x100000000

GC Precious Log:
 CPUs: 8 total, 8 available
 Memory: 16069M
 Large Page Support: Disabled
 NUMA Support: Disabled
 Compressed Oops: Enabled (32-bit)
 Heap Region Size: 1M
 Heap Min Capacity: 8M
 Heap Initial Capacity: 252M
 Heap Max Capacity: 2G
 Pre-touch: Disabled
 Parallel Workers: 8
 Concurrent Workers: 2
 Concurrent Refinement Workers: 8
 Periodic GC: Disabled

Heap:
 garbage-first heap   total 595968K, used 373145K [0x0000000080000000, 0x0000000100000000)
  region size 1024K, 31 young (31744K), 13 survivors (13312K)
 Metaspace       used 145594K, committed 148352K, reserved 557056K
  class space    used 20038K, committed 21376K, reserved 425984K

Heap Regions: E=young(eden), S=young(survivor), O=old, HS=humongous(starts), HC=humongous(continues), CS=collection set, F=free, OA=open archive, CA=closed archive, TAMS=top-at-mark-start (previous, next)
|   0|0x0000000080000000, 0x0000000080100000, 0x0000000080100000|100%|HS|  |TAMS 0x0000000080100000, 0x0000000080000000| Complete 
|   1|0x0000000080100000, 0x0000000080200000, 0x0000000080200000|100%|HC|  |TAMS 0x0000000080200000, 0x0000000080100000| Complete 
|   2|0x0000000080200000, 0x0000000080300000, 0x0000000080300000|100%|HC|  |TAMS 0x0000000080300000, 0x0000000080200000| Complete 
|   3|0x0000000080300000, 0x0000000080400000, 0x0000000080400000|100%|HC|  |TAMS 0x0000000080400000, 0x0000000080300000| Complete 
|   4|0x0000000080400000, 0x0000000080500000, 0x0000000080500000|100%| O|  |TAMS 0x0000000080500000, 0x0000000080400000| Untracked 
|   5|0x0000000080500000, 0x0000000080600000, 0x0000000080600000|100%| O|  |TAMS 0x0000000080600000, 0x0000000080500000| Untracked 
|   6|0x0000000080600000, 0x0000000080700000, 0x0000000080700000|100%| O|  |TAMS 0x0000000080700000, 0x0000000080600000| Untracked 
|   7|0x0000000080700000, 0x0000000080800000, 0x0000000080800000|100%|HS|  |TAMS 0x0000000080800000, 0x0000000080700000| Complete 
|   8|0x0000000080800000, 0x0000000080900000, 0x0000000080900000|100%| O|  |TAMS 0x0000000080900000, 0x0000000080800000| Untracked 
|   9|0x0000000080900000, 0x0000000080a00000, 0x0000000080a00000|100%| O|  |TAMS 0x0000000080a00000, 0x0000000080900000| Untracked 
|  10|0x0000000080a00000, 0x0000000080b00000, 0x0000000080b00000|100%| O|  |TAMS 0x0000000080b00000, 0x0000000080a00000| Untracked 
|  11|0x0000000080b00000, 0x0000000080c00000, 0x0000000080c00000|100%| O|  |TAMS 0x0000000080c00000, 0x0000000080b00000| Updating 
|  12|0x0000000080c00000, 0x0000000080d00000, 0x0000000080d00000|100%| O|  |TAMS 0x0000000080d00000, 0x0000000080c00000| Untracked 
|  13|0x0000000080d00000, 0x0000000080e00000, 0x0000000080e00000|100%| O|  |TAMS 0x0000000080e00000, 0x0000000080d00000| Untracked 
|  14|0x0000000080e00000, 0x0000000080f00000, 0x0000000080f00000|100%| O|  |TAMS 0x0000000080f00000, 0x0000000080e00000| Untracked 
|  15|0x0000000080f00000, 0x0000000081000000, 0x0000000081000000|100%| O|  |TAMS 0x0000000081000000, 0x0000000080f00000| Untracked 
|  16|0x0000000081000000, 0x0000000081100000, 0x0000000081100000|100%| O|  |TAMS 0x0000000081100000, 0x0000000081000000| Untracked 
|  17|0x0000000081100000, 0x0000000081200000, 0x0000000081200000|100%| O|  |TAMS 0x0000000081200000, 0x0000000081100000| Untracked 
|  18|0x0000000081200000, 0x0000000081300000, 0x0000000081300000|100%| O|  |TAMS 0x0000000081300000, 0x0000000081200000| Untracked 
|  19|0x0000000081300000, 0x0000000081400000, 0x0000000081400000|100%| O|  |TAMS 0x0000000081400000, 0x0000000081300000| Untracked 
|  20|0x0000000081400000, 0x0000000081500000, 0x0000000081500000|100%| O|  |TAMS 0x0000000081500000, 0x0000000081400000| Untracked 
|  21|0x0000000081500000, 0x0000000081600000, 0x0000000081600000|100%| O|  |TAMS 0x0000000081600000, 0x0000000081500000| Untracked 
|  22|0x0000000081600000, 0x0000000081700000, 0x0000000081700000|100%| O|  |TAMS 0x0000000081700000, 0x0000000081600000| Untracked 
|  23|0x0000000081700000, 0x0000000081800000, 0x0000000081800000|100%| O|  |TAMS 0x0000000081800000, 0x0000000081700000| Updating 
|  24|0x0000000081800000, 0x0000000081900000, 0x0000000081900000|100%| O|  |TAMS 0x0000000081900000, 0x0000000081800000| Untracked 
|  25|0x0000000081900000, 0x0000000081a00000, 0x0000000081a00000|100%|HS|  |TAMS 0x0000000081a00000, 0x0000000081900000| Complete 
|  26|0x0000000081a00000, 0x0000000081b00000, 0x0000000081b00000|100%|HC|  |TAMS 0x0000000081b00000, 0x0000000081a00000| Complete 
|  27|0x0000000081b00000, 0x0000000081c00000, 0x0000000081c00000|100%|HC|  |TAMS 0x0000000081c00000, 0x0000000081b00000| Complete 
|  28|0x0000000081c00000, 0x0000000081d00000, 0x0000000081d00000|100%|HS|  |TAMS 0x0000000081d00000, 0x0000000081c00000| Complete 
|  29|0x0000000081d00000, 0x0000000081e00000, 0x0000000081e00000|100%|HC|  |TAMS 0x0000000081e00000, 0x0000000081d00000| Complete 
|  30|0x0000000081e00000, 0x0000000081f00000, 0x0000000081f00000|100%|HC|  |TAMS 0x0000000081f00000, 0x0000000081e00000| Complete 
|  31|0x0000000081f00000, 0x0000000082000000, 0x0000000082000000|100%|HS|  |TAMS 0x0000000082000000, 0x0000000081f00000| Complete 
|  32|0x0000000082000000, 0x0000000082100000, 0x0000000082100000|100%|HS|  |TAMS 0x0000000082100000, 0x0000000082000000| Complete 
|  33|0x0000000082100000, 0x0000000082200000, 0x0000000082200000|100%|HS|  |TAMS 0x0000000082200000, 0x0000000082100000| Complete 
|  34|0x0000000082200000, 0x0000000082300000, 0x0000000082300000|100%|HS|  |TAMS 0x0000000082300000, 0x0000000082200000| Complete 
|  35|0x0000000082300000, 0x0000000082400000, 0x0000000082400000|100%|HC|  |TAMS 0x0000000082400000, 0x0000000082300000| Complete 
|  36|0x0000000082400000, 0x0000000082500000, 0x0000000082500000|100%|HC|  |TAMS 0x0000000082500000, 0x0000000082400000| Complete 
|  37|0x0000000082500000, 0x0000000082600000, 0x0000000082600000|100%| O|  |TAMS 0x0000000082600000, 0x0000000082500000| Untracked 
|  38|0x0000000082600000, 0x0000000082700000, 0x0000000082700000|100%| O|  |TAMS 0x0000000082700000, 0x0000000082600000| Untracked 
|  39|0x0000000082700000, 0x0000000082800000, 0x0000000082800000|100%| O|  |TAMS 0x0000000082800000, 0x0000000082700000| Untracked 
|  40|0x0000000082800000, 0x0000000082900000, 0x0000000082900000|100%| O|  |TAMS 0x0000000082900000, 0x0000000082800000| Untracked 
|  41|0x0000000082900000, 0x0000000082a00000, 0x0000000082a00000|100%|HS|  |TAMS 0x0000000082a00000, 0x0000000082900000| Complete 
|  42|0x0000000082a00000, 0x0000000082b00000, 0x0000000082b00000|100%| O|  |TAMS 0x0000000082b00000, 0x0000000082a00000| Untracked 
|  43|0x0000000082b00000, 0x0000000082c00000, 0x0000000082c00000|100%| O|  |TAMS 0x0000000082c00000, 0x0000000082b00000| Untracked 
|  44|0x0000000082c00000, 0x0000000082d00000, 0x0000000082d00000|100%| O|  |TAMS 0x0000000082d00000, 0x0000000082c00000| Updating 
|  45|0x0000000082d00000, 0x0000000082e00000, 0x0000000082e00000|100%| O|  |TAMS 0x0000000082e00000, 0x0000000082d00000| Updating 
|  46|0x0000000082e00000, 0x0000000082f00000, 0x0000000082f00000|100%| O|  |TAMS 0x0000000082f00000, 0x0000000082e00000| Untracked 
|  47|0x0000000082f00000, 0x0000000083000000, 0x0000000083000000|100%| O|  |TAMS 0x0000000083000000, 0x0000000082f00000| Untracked 
|  48|0x0000000083000000, 0x0000000083100000, 0x0000000083100000|100%| O|  |TAMS 0x0000000083100000, 0x0000000083000000| Updating 
|  49|0x0000000083100000, 0x0000000083200000, 0x0000000083200000|100%| O|  |TAMS 0x0000000083200000, 0x0000000083100000| Updating 
|  50|0x0000000083200000, 0x0000000083300000, 0x0000000083300000|100%| O|  |TAMS 0x0000000083300000, 0x0000000083200000| Untracked 
|  51|0x0000000083300000, 0x0000000083400000, 0x0000000083400000|100%| O|  |TAMS 0x0000000083400000, 0x0000000083300000| Untracked 
|  52|0x0000000083400000, 0x0000000083500000, 0x0000000083500000|100%| O|  |TAMS 0x0000000083500000, 0x0000000083400000| Updating 
|  53|0x0000000083500000, 0x0000000083600000, 0x0000000083600000|100%| O|  |TAMS 0x0000000083600000, 0x0000000083500000| Untracked 
|  54|0x0000000083600000, 0x0000000083700000, 0x0000000083700000|100%| O|  |TAMS 0x0000000083700000, 0x0000000083600000| Untracked 
|  55|0x0000000083700000, 0x0000000083800000, 0x0000000083800000|100%| O|  |TAMS 0x0000000083800000, 0x0000000083700000| Untracked 
|  56|0x0000000083800000, 0x0000000083900000, 0x0000000083900000|100%| O|  |TAMS 0x0000000083900000, 0x0000000083800000| Untracked 
|  57|0x0000000083900000, 0x0000000083a00000, 0x0000000083a00000|100%| O|  |TAMS 0x0000000083a00000, 0x0000000083900000| Untracked 
|  58|0x0000000083a00000, 0x0000000083b00000, 0x0000000083b00000|100%| O|  |TAMS 0x0000000083b00000, 0x0000000083a00000| Untracked 
|  59|0x0000000083b00000, 0x0000000083c00000, 0x0000000083c00000|100%| O|  |TAMS 0x0000000083c00000, 0x0000000083b00000| Untracked 
|  60|0x0000000083c00000, 0x0000000083d00000, 0x0000000083d00000|100%| O|  |TAMS 0x0000000083d00000, 0x0000000083c00000| Untracked 
|  61|0x0000000083d00000, 0x0000000083e00000, 0x0000000083e00000|100%| O|  |TAMS 0x0000000083e00000, 0x0000000083d00000| Updating 
|  62|0x0000000083e00000, 0x0000000083f00000, 0x0000000083f00000|100%| O|  |TAMS 0x0000000083f00000, 0x0000000083e00000| Untracked 
|  63|0x0000000083f00000, 0x0000000084000000, 0x0000000084000000|100%| O|  |TAMS 0x0000000084000000, 0x0000000083f00000| Untracked 
|  64|0x0000000084000000, 0x0000000084100000, 0x0000000084100000|100%| O|  |TAMS 0x0000000084100000, 0x0000000084000000| Untracked 
|  65|0x0000000084100000, 0x0000000084200000, 0x0000000084200000|100%| O|  |TAMS 0x0000000084200000, 0x0000000084100000| Updating 
|  66|0x0000000084200000, 0x0000000084300000, 0x0000000084300000|100%| O|  |TAMS 0x0000000084300000, 0x0000000084200000| Updating 
|  67|0x0000000084300000, 0x0000000084400000, 0x0000000084400000|100%| O|  |TAMS 0x0000000084400000, 0x0000000084300000| Untracked 
|  68|0x0000000084400000, 0x0000000084500000, 0x0000000084500000|100%| O|  |TAMS 0x0000000084500000, 0x0000000084400000| Untracked 
|  69|0x0000000084500000, 0x0000000084600000, 0x0000000084600000|100%| O|  |TAMS 0x0000000084600000, 0x0000000084500000| Untracked 
|  70|0x0000000084600000, 0x0000000084700000, 0x0000000084700000|100%| O|  |TAMS 0x0000000084700000, 0x0000000084600000| Untracked 
|  71|0x0000000084700000, 0x0000000084800000, 0x0000000084800000|100%| O|  |TAMS 0x0000000084800000, 0x0000000084700000| Untracked 
|  72|0x0000000084800000, 0x0000000084900000, 0x0000000084900000|100%| O|  |TAMS 0x0000000084900000, 0x0000000084800000| Updating 
|  73|0x0000000084900000, 0x0000000084a00000, 0x0000000084a00000|100%| O|  |TAMS 0x0000000084a00000, 0x0000000084900000| Untracked 
|  74|0x0000000084a00000, 0x0000000084b00000, 0x0000000084b00000|100%| O|  |TAMS 0x0000000084b00000, 0x0000000084a00000| Untracked 
|  75|0x0000000084b00000, 0x0000000084c00000, 0x0000000084c00000|100%| O|  |TAMS 0x0000000084c00000, 0x0000000084b00000| Updating 
|  76|0x0000000084c00000, 0x0000000084d00000, 0x0000000084d00000|100%| O|  |TAMS 0x0000000084d00000, 0x0000000084c00000| Updating 
|  77|0x0000000084d00000, 0x0000000084e00000, 0x0000000084e00000|100%| O|  |TAMS 0x0000000084e00000, 0x0000000084d00000| Untracked 
|  78|0x0000000084e00000, 0x0000000084f00000, 0x0000000084f00000|100%| O|  |TAMS 0x0000000084f00000, 0x0000000084e00000| Updating 
|  79|0x0000000084f00000, 0x0000000085000000, 0x0000000085000000|100%| O|  |TAMS 0x0000000085000000, 0x0000000084f00000| Updating 
|  80|0x0000000085000000, 0x0000000085100000, 0x0000000085100000|100%| O|  |TAMS 0x0000000085100000, 0x0000000085000000| Untracked 
|  81|0x0000000085100000, 0x0000000085200000, 0x0000000085200000|100%| O|  |TAMS 0x0000000085200000, 0x0000000085100000| Untracked 
|  82|0x0000000085200000, 0x0000000085300000, 0x0000000085300000|100%| O|  |TAMS 0x0000000085300000, 0x0000000085200000| Untracked 
|  83|0x0000000085300000, 0x0000000085400000, 0x0000000085400000|100%| O|  |TAMS 0x0000000085400000, 0x0000000085300000| Updating 
|  84|0x0000000085400000, 0x0000000085500000, 0x0000000085500000|100%| O|  |TAMS 0x0000000085500000, 0x0000000085400000| Untracked 
|  85|0x0000000085500000, 0x0000000085600000, 0x0000000085600000|100%| O|  |TAMS 0x0000000085600000, 0x0000000085500000| Updating 
|  86|0x0000000085600000, 0x0000000085700000, 0x0000000085700000|100%| O|  |TAMS 0x0000000085700000, 0x0000000085600000| Untracked 
|  87|0x0000000085700000, 0x0000000085800000, 0x0000000085800000|100%| O|  |TAMS 0x0000000085800000, 0x0000000085700000| Untracked 
|  88|0x0000000085800000, 0x0000000085900000, 0x0000000085900000|100%| O|  |TAMS 0x0000000085900000, 0x0000000085800000| Untracked 
|  89|0x0000000085900000, 0x0000000085a00000, 0x0000000085a00000|100%| O|  |TAMS 0x0000000085a00000, 0x0000000085900000| Untracked 
|  90|0x0000000085a00000, 0x0000000085b00000, 0x0000000085b00000|100%|HS|  |TAMS 0x0000000085b00000, 0x0000000085a00000| Complete 
|  91|0x0000000085b00000, 0x0000000085c00000, 0x0000000085c00000|100%|HS|  |TAMS 0x0000000085c00000, 0x0000000085b00000| Complete 
|  92|0x0000000085c00000, 0x0000000085d00000, 0x0000000085d00000|100%| O|  |TAMS 0x0000000085d00000, 0x0000000085c00000| Untracked 
|  93|0x0000000085d00000, 0x0000000085e00000, 0x0000000085e00000|100%| O|  |TAMS 0x0000000085e00000, 0x0000000085d00000| Updating 
|  94|0x0000000085e00000, 0x0000000085f00000, 0x0000000085f00000|100%| O|  |TAMS 0x0000000085f00000, 0x0000000085e00000| Untracked 
|  95|0x0000000085f00000, 0x0000000086000000, 0x0000000086000000|100%| O|  |TAMS 0x0000000086000000, 0x0000000085f00000| Untracked 
|  96|0x0000000086000000, 0x0000000086100000, 0x0000000086100000|100%|HS|  |TAMS 0x0000000086100000, 0x0000000086000000| Complete 
|  97|0x0000000086100000, 0x0000000086200000, 0x0000000086200000|100%| O|  |TAMS 0x0000000086200000, 0x0000000086100000| Untracked 
|  98|0x0000000086200000, 0x0000000086300000, 0x0000000086300000|100%| O|  |TAMS 0x0000000086300000, 0x0000000086200000| Updating 
|  99|0x0000000086300000, 0x0000000086400000, 0x0000000086400000|100%| O|  |TAMS 0x0000000086400000, 0x0000000086300000| Untracked 
| 100|0x0000000086400000, 0x0000000086500000, 0x0000000086500000|100%| O|  |TAMS 0x0000000086500000, 0x0000000086400000| Untracked 
| 101|0x0000000086500000, 0x0000000086600000, 0x0000000086600000|100%| O|  |TAMS 0x0000000086600000, 0x0000000086500000| Untracked 
| 102|0x0000000086600000, 0x0000000086700000, 0x0000000086700000|100%| O|  |TAMS 0x0000000086700000, 0x0000000086600000| Untracked 
| 103|0x0000000086700000, 0x0000000086800000, 0x0000000086800000|100%| O|  |TAMS 0x0000000086800000, 0x0000000086700000| Untracked 
| 104|0x0000000086800000, 0x0000000086900000, 0x0000000086900000|100%| O|  |TAMS 0x0000000086900000, 0x0000000086800000| Untracked 
| 105|0x0000000086900000, 0x0000000086a00000, 0x0000000086a00000|100%| O|  |TAMS 0x0000000086a00000, 0x0000000086900000| Untracked 
| 106|0x0000000086a00000, 0x0000000086b00000, 0x0000000086b00000|100%| O|  |TAMS 0x0000000086b00000, 0x0000000086a00000| Untracked 
| 107|0x0000000086b00000, 0x0000000086c00000, 0x0000000086c00000|100%| O|  |TAMS 0x0000000086c00000, 0x0000000086b00000| Updating 
| 108|0x0000000086c00000, 0x0000000086d00000, 0x0000000086d00000|100%| O|  |TAMS 0x0000000086d00000, 0x0000000086c00000| Untracked 
| 109|0x0000000086d00000, 0x0000000086e00000, 0x0000000086e00000|100%| O|  |TAMS 0x0000000086e00000, 0x0000000086d00000| Untracked 
| 110|0x0000000086e00000, 0x0000000086f00000, 0x0000000086f00000|100%| O|  |TAMS 0x0000000086f00000, 0x0000000086e00000| Untracked 
| 111|0x0000000086f00000, 0x0000000087000000, 0x0000000087000000|100%| O|  |TAMS 0x0000000087000000, 0x0000000086f00000| Untracked 
| 112|0x0000000087000000, 0x0000000087100000, 0x0000000087100000|100%| O|  |TAMS 0x0000000087100000, 0x0000000087000000| Untracked 
| 113|0x0000000087100000, 0x0000000087200000, 0x0000000087200000|100%| O|  |TAMS 0x0000000087200000, 0x0000000087100000| Untracked 
| 114|0x0000000087200000, 0x0000000087300000, 0x0000000087300000|100%| O|  |TAMS 0x0000000087300000, 0x0000000087200000| Untracked 
| 115|0x0000000087300000, 0x0000000087400000, 0x0000000087400000|100%| O|  |TAMS 0x0000000087400000, 0x0000000087300000| Untracked 
| 116|0x0000000087400000, 0x0000000087500000, 0x0000000087500000|100%| O|  |TAMS 0x0000000087500000, 0x0000000087400000| Untracked 
| 117|0x0000000087500000, 0x0000000087600000, 0x0000000087600000|100%| O|  |TAMS 0x0000000087600000, 0x0000000087500000| Untracked 
| 118|0x0000000087600000, 0x0000000087700000, 0x0000000087700000|100%| O|  |TAMS 0x0000000087700000, 0x0000000087600000| Untracked 
| 119|0x0000000087700000, 0x0000000087800000, 0x0000000087800000|100%| O|  |TAMS 0x0000000087800000, 0x0000000087700000| Untracked 
| 120|0x0000000087800000, 0x0000000087900000, 0x0000000087900000|100%|HS|  |TAMS 0x0000000087900000, 0x0000000087800000| Complete 
| 121|0x0000000087900000, 0x0000000087a00000, 0x0000000087a00000|100%|HS|  |TAMS 0x0000000087a00000, 0x0000000087900000| Complete 
| 122|0x0000000087a00000, 0x0000000087b00000, 0x0000000087b00000|100%|HS|  |TAMS 0x0000000087b00000, 0x0000000087a00000| Complete 
| 123|0x0000000087b00000, 0x0000000087c00000, 0x0000000087c00000|100%| O|  |TAMS 0x0000000087c00000, 0x0000000087b00000| Untracked 
| 124|0x0000000087c00000, 0x0000000087d00000, 0x0000000087d00000|100%| O|  |TAMS 0x0000000087d00000, 0x0000000087c00000| Untracked 
| 125|0x0000000087d00000, 0x0000000087e00000, 0x0000000087e00000|100%| O|  |TAMS 0x0000000087e00000, 0x0000000087d00000| Untracked 
| 126|0x0000000087e00000, 0x0000000087f00000, 0x0000000087f00000|100%| O|  |TAMS 0x0000000087f00000, 0x0000000087e00000| Untracked 
| 127|0x0000000087f00000, 0x0000000088000000, 0x0000000088000000|100%| O|  |TAMS 0x0000000088000000, 0x0000000087f00000| Untracked 
| 128|0x0000000088000000, 0x0000000088100000, 0x0000000088100000|100%| O|  |TAMS 0x0000000088100000, 0x0000000088000000| Untracked 
| 129|0x0000000088100000, 0x0000000088200000, 0x0000000088200000|100%| O|  |TAMS 0x0000000088200000, 0x0000000088100000| Untracked 
| 130|0x0000000088200000, 0x0000000088300000, 0x0000000088300000|100%| O|  |TAMS 0x0000000088300000, 0x0000000088200000| Untracked 
| 131|0x0000000088300000, 0x0000000088400000, 0x0000000088400000|100%| O|  |TAMS 0x0000000088400000, 0x0000000088300000| Untracked 
| 132|0x0000000088400000, 0x0000000088500000, 0x0000000088500000|100%| O|  |TAMS 0x0000000088500000, 0x0000000088400000| Untracked 
| 133|0x0000000088500000, 0x0000000088600000, 0x0000000088600000|100%| O|  |TAMS 0x0000000088600000, 0x0000000088500000| Untracked 
| 134|0x0000000088600000, 0x0000000088700000, 0x0000000088700000|100%| O|  |TAMS 0x0000000088700000, 0x0000000088600000| Untracked 
| 135|0x0000000088700000, 0x0000000088800000, 0x0000000088800000|100%| O|  |TAMS 0x0000000088800000, 0x0000000088700000| Untracked 
| 136|0x0000000088800000, 0x0000000088900000, 0x0000000088900000|100%| O|  |TAMS 0x0000000088900000, 0x0000000088800000| Untracked 
| 137|0x0000000088900000, 0x0000000088a00000, 0x0000000088a00000|100%| O|  |TAMS 0x0000000088a00000, 0x0000000088900000| Untracked 
| 138|0x0000000088a00000, 0x0000000088b00000, 0x0000000088b00000|100%| O|  |TAMS 0x0000000088b00000, 0x0000000088a00000| Untracked 
| 139|0x0000000088b00000, 0x0000000088c00000, 0x0000000088c00000|100%| O|  |TAMS 0x0000000088c00000, 0x0000000088b00000| Untracked 
| 140|0x0000000088c00000, 0x0000000088d00000, 0x0000000088d00000|100%| O|  |TAMS 0x0000000088d00000, 0x0000000088c00000| Untracked 
| 141|0x0000000088d00000, 0x0000000088e00000, 0x0000000088e00000|100%| O|  |TAMS 0x0000000088e00000, 0x0000000088d00000| Untracked 
| 142|0x0000000088e00000, 0x0000000088f00000, 0x0000000088f00000|100%| O|  |TAMS 0x0000000088f00000, 0x0000000088e00000| Untracked 
| 143|0x0000000088f00000, 0x0000000089000000, 0x0000000089000000|100%| O|  |TAMS 0x0000000089000000, 0x0000000088f00000| Untracked 
| 144|0x0000000089000000, 0x0000000089100000, 0x0000000089100000|100%| O|  |TAMS 0x0000000089100000, 0x0000000089000000| Updating 
| 145|0x0000000089100000, 0x0000000089200000, 0x0000000089200000|100%| O|  |TAMS 0x0000000089200000, 0x0000000089100000| Updating 
| 146|0x0000000089200000, 0x0000000089300000, 0x0000000089300000|100%| O|  |TAMS 0x0000000089300000, 0x0000000089200000| Untracked 
| 147|0x0000000089300000, 0x0000000089400000, 0x0000000089400000|100%| O|  |TAMS 0x0000000089400000, 0x0000000089300000| Untracked 
| 148|0x0000000089400000, 0x0000000089500000, 0x0000000089500000|100%| O|  |TAMS 0x0000000089500000, 0x0000000089400000| Untracked 
| 149|0x0000000089500000, 0x0000000089600000, 0x0000000089600000|100%| O|  |TAMS 0x0000000089600000, 0x0000000089500000| Untracked 
| 150|0x0000000089600000, 0x0000000089700000, 0x0000000089700000|100%| O|  |TAMS 0x0000000089700000, 0x0000000089600000| Untracked 
| 151|0x0000000089700000, 0x0000000089800000, 0x0000000089800000|100%| O|  |TAMS 0x0000000089800000, 0x0000000089700000| Untracked 
| 152|0x0000000089800000, 0x0000000089900000, 0x0000000089900000|100%| O|  |TAMS 0x0000000089900000, 0x0000000089800000| Untracked 
| 153|0x0000000089900000, 0x0000000089a00000, 0x0000000089a00000|100%| O|  |TAMS 0x0000000089a00000, 0x0000000089900000| Updating 
| 154|0x0000000089a00000, 0x0000000089b00000, 0x0000000089b00000|100%| O|  |TAMS 0x0000000089b00000, 0x0000000089a00000| Untracked 
| 155|0x0000000089b00000, 0x0000000089c00000, 0x0000000089c00000|100%| O|  |TAMS 0x0000000089c00000, 0x0000000089b00000| Untracked 
| 156|0x0000000089c00000, 0x0000000089d00000, 0x0000000089d00000|100%| O|  |TAMS 0x0000000089d00000, 0x0000000089c00000| Untracked 
| 157|0x0000000089d00000, 0x0000000089e00000, 0x0000000089e00000|100%| O|  |TAMS 0x0000000089e00000, 0x0000000089d00000| Untracked 
| 158|0x0000000089e00000, 0x0000000089f00000, 0x0000000089f00000|100%| O|  |TAMS 0x0000000089f00000, 0x0000000089e00000| Updating 
| 159|0x0000000089f00000, 0x0000000089f00000, 0x000000008a000000|  0%| F|  |TAMS 0x0000000089f00000, 0x0000000089f00000| Untracked 
| 160|0x000000008a000000, 0x000000008a000000, 0x000000008a100000|  0%| F|  |TAMS 0x000000008a000000, 0x000000008a000000| Untracked 
| 161|0x000000008a100000, 0x000000008a200000, 0x000000008a200000|100%| O|  |TAMS 0x000000008a200000, 0x000000008a100000| Untracked 
| 162|0x000000008a200000, 0x000000008a300000, 0x000000008a300000|100%| O|  |TAMS 0x000000008a300000, 0x000000008a200000| Untracked 
| 163|0x000000008a300000, 0x000000008a400000, 0x000000008a400000|100%| O|  |TAMS 0x000000008a400000, 0x000000008a300000| Untracked 
| 164|0x000000008a400000, 0x000000008a500000, 0x000000008a500000|100%| O|  |TAMS 0x000000008a500000, 0x000000008a400000| Updating 
| 165|0x000000008a500000, 0x000000008a600000, 0x000000008a600000|100%| O|  |TAMS 0x000000008a600000, 0x000000008a500000| Untracked 
| 166|0x000000008a600000, 0x000000008a700000, 0x000000008a700000|100%| O|  |TAMS 0x000000008a700000, 0x000000008a600000| Untracked 
| 167|0x000000008a700000, 0x000000008a800000, 0x000000008a800000|100%| O|  |TAMS 0x000000008a800000, 0x000000008a700000| Untracked 
| 168|0x000000008a800000, 0x000000008a900000, 0x000000008a900000|100%| O|  |TAMS 0x000000008a900000, 0x000000008a800000| Untracked 
| 169|0x000000008a900000, 0x000000008aa00000, 0x000000008aa00000|100%| O|  |TAMS 0x000000008aa00000, 0x000000008a900000| Untracked 
| 170|0x000000008aa00000, 0x000000008ab00000, 0x000000008ab00000|100%| O|  |TAMS 0x000000008ab00000, 0x000000008aa00000| Updating 
| 171|0x000000008ab00000, 0x000000008ac00000, 0x000000008ac00000|100%| O|  |TAMS 0x000000008ac00000, 0x000000008ab00000| Updating 
| 172|0x000000008ac00000, 0x000000008ad00000, 0x000000008ad00000|100%|HS|  |TAMS 0x000000008ad00000, 0x000000008ac00000| Complete 
| 173|0x000000008ad00000, 0x000000008ae00000, 0x000000008ae00000|100%|HS|  |TAMS 0x000000008ae00000, 0x000000008ad00000| Complete 
| 174|0x000000008ae00000, 0x000000008af00000, 0x000000008af00000|100%| O|  |TAMS 0x000000008af00000, 0x000000008ae00000| Untracked 
| 175|0x000000008af00000, 0x000000008b000000, 0x000000008b000000|100%|HS|  |TAMS 0x000000008b000000, 0x000000008af00000| Complete 
| 176|0x000000008b000000, 0x000000008b100000, 0x000000008b100000|100%|HC|  |TAMS 0x000000008b100000, 0x000000008b000000| Complete 
| 177|0x000000008b100000, 0x000000008b200000, 0x000000008b200000|100%| O|  |TAMS 0x000000008b200000, 0x000000008b100000| Untracked 
| 178|0x000000008b200000, 0x000000008b300000, 0x000000008b300000|100%| O|  |TAMS 0x000000008b300000, 0x000000008b200000| Untracked 
| 179|0x000000008b300000, 0x000000008b400000, 0x000000008b400000|100%| O|  |TAMS 0x000000008b400000, 0x000000008b300000| Updating 
| 180|0x000000008b400000, 0x000000008b500000, 0x000000008b500000|100%| O|  |TAMS 0x000000008b500000, 0x000000008b400000| Updating 
| 181|0x000000008b500000, 0x000000008b500000, 0x000000008b600000|  0%| F|  |TAMS 0x000000008b500000, 0x000000008b500000| Untracked 
| 182|0x000000008b600000, 0x000000008b700000, 0x000000008b700000|100%| O|  |TAMS 0x000000008b700000, 0x000000008b600000| Untracked 
| 183|0x000000008b700000, 0x000000008b800000, 0x000000008b800000|100%| O|  |TAMS 0x000000008b800000, 0x000000008b700000| Updating 
| 184|0x000000008b800000, 0x000000008b900000, 0x000000008b900000|100%| O|  |TAMS 0x000000008b900000, 0x000000008b800000| Untracked 
| 185|0x000000008b900000, 0x000000008ba00000, 0x000000008ba00000|100%| O|  |TAMS 0x000000008ba00000, 0x000000008b900000| Untracked 
| 186|0x000000008ba00000, 0x000000008bb00000, 0x000000008bb00000|100%| O|  |TAMS 0x000000008bb00000, 0x000000008ba00000| Untracked 
| 187|0x000000008bb00000, 0x000000008bc00000, 0x000000008bc00000|100%| O|  |TAMS 0x000000008bc00000, 0x000000008bb00000| Untracked 
| 188|0x000000008bc00000, 0x000000008bd00000, 0x000000008bd00000|100%| O|  |TAMS 0x000000008bd00000, 0x000000008bc00000| Untracked 
| 189|0x000000008bd00000, 0x000000008be00000, 0x000000008be00000|100%| O|  |TAMS 0x000000008be00000, 0x000000008bd00000| Untracked 
| 190|0x000000008be00000, 0x000000008bf00000, 0x000000008bf00000|100%| O|  |TAMS 0x000000008bf00000, 0x000000008be00000| Untracked 
| 191|0x000000008bf00000, 0x000000008c000000, 0x000000008c000000|100%| O|  |TAMS 0x000000008c000000, 0x000000008bf00000| Untracked 
| 192|0x000000008c000000, 0x000000008c100000, 0x000000008c100000|100%| O|  |TAMS 0x000000008c100000, 0x000000008c000000| Untracked 
| 193|0x000000008c100000, 0x000000008c200000, 0x000000008c200000|100%| O|  |TAMS 0x000000008c200000, 0x000000008c100000| Untracked 
| 194|0x000000008c200000, 0x000000008c300000, 0x000000008c300000|100%| O|  |TAMS 0x000000008c300000, 0x000000008c200000| Untracked 
| 195|0x000000008c300000, 0x000000008c300000, 0x000000008c400000|  0%| F|  |TAMS 0x000000008c300000, 0x000000008c300000| Untracked 
| 196|0x000000008c400000, 0x000000008c500000, 0x000000008c500000|100%|HS|  |TAMS 0x000000008c500000, 0x000000008c400000| Complete 
| 197|0x000000008c500000, 0x000000008c600000, 0x000000008c600000|100%|HS|  |TAMS 0x000000008c600000, 0x000000008c500000| Complete 
| 198|0x000000008c600000, 0x000000008c700000, 0x000000008c700000|100%|HS|  |TAMS 0x000000008c700000, 0x000000008c600000| Complete 
| 199|0x000000008c700000, 0x000000008c800000, 0x000000008c800000|100%| O|  |TAMS 0x000000008c800000, 0x000000008c700000| Untracked 
| 200|0x000000008c800000, 0x000000008c900000, 0x000000008c900000|100%| O|  |TAMS 0x000000008c900000, 0x000000008c800000| Untracked 
| 201|0x000000008c900000, 0x000000008ca00000, 0x000000008ca00000|100%| O|  |TAMS 0x000000008ca00000, 0x000000008c900000| Updating 
| 202|0x000000008ca00000, 0x000000008cb00000, 0x000000008cb00000|100%| O|  |TAMS 0x000000008cb00000, 0x000000008ca00000| Untracked 
| 203|0x000000008cb00000, 0x000000008cc00000, 0x000000008cc00000|100%| O|  |TAMS 0x000000008cc00000, 0x000000008cb00000| Updating 
| 204|0x000000008cc00000, 0x000000008cc00000, 0x000000008cd00000|  0%| F|  |TAMS 0x000000008cc00000, 0x000000008cc00000| Untracked 
| 205|0x000000008cd00000, 0x000000008ce00000, 0x000000008ce00000|100%| O|  |TAMS 0x000000008ce00000, 0x000000008cd00000| Updating 
| 206|0x000000008ce00000, 0x000000008cf00000, 0x000000008cf00000|100%| O|  |TAMS 0x000000008cf00000, 0x000000008ce00000| Untracked 
| 207|0x000000008cf00000, 0x000000008d000000, 0x000000008d000000|100%| O|  |TAMS 0x000000008d000000, 0x000000008cf00000| Untracked 
| 208|0x000000008d000000, 0x000000008d100000, 0x000000008d100000|100%| O|  |TAMS 0x000000008d100000, 0x000000008d000000| Untracked 
| 209|0x000000008d100000, 0x000000008d200000, 0x000000008d200000|100%| O|  |TAMS 0x000000008d200000, 0x000000008d100000| Updating 
| 210|0x000000008d200000, 0x000000008d300000, 0x000000008d300000|100%| O|  |TAMS 0x000000008d300000, 0x000000008d200000| Untracked 
| 211|0x000000008d300000, 0x000000008d400000, 0x000000008d400000|100%| O|  |TAMS 0x000000008d400000, 0x000000008d300000| Untracked 
| 212|0x000000008d400000, 0x000000008d500000, 0x000000008d500000|100%| O|  |TAMS 0x000000008d500000, 0x000000008d400000| Untracked 
| 213|0x000000008d500000, 0x000000008d600000, 0x000000008d600000|100%| O|  |TAMS 0x000000008d600000, 0x000000008d500000| Untracked 
| 214|0x000000008d600000, 0x000000008d700000, 0x000000008d700000|100%| O|  |TAMS 0x000000008d700000, 0x000000008d600000| Untracked 
| 215|0x000000008d700000, 0x000000008d800000, 0x000000008d800000|100%| O|  |TAMS 0x000000008d800000, 0x000000008d700000| Updating 
| 216|0x000000008d800000, 0x000000008d900000, 0x000000008d900000|100%| O|  |TAMS 0x000000008d900000, 0x000000008d800000| Updating 
| 217|0x000000008d900000, 0x000000008da00000, 0x000000008da00000|100%|HS|  |TAMS 0x000000008da00000, 0x000000008d900000| Complete 
| 218|0x000000008da00000, 0x000000008db00000, 0x000000008db00000|100%|HS|  |TAMS 0x000000008db00000, 0x000000008da00000| Complete 
| 219|0x000000008db00000, 0x000000008dc00000, 0x000000008dc00000|100%| O|  |TAMS 0x000000008dc00000, 0x000000008db00000| Untracked 
| 220|0x000000008dc00000, 0x000000008dd00000, 0x000000008dd00000|100%| O|  |TAMS 0x000000008dd00000, 0x000000008dc00000| Untracked 
| 221|0x000000008dd00000, 0x000000008de00000, 0x000000008de00000|100%| O|  |TAMS 0x000000008de00000, 0x000000008dd00000| Untracked 
| 222|0x000000008de00000, 0x000000008df00000, 0x000000008df00000|100%| O|  |TAMS 0x000000008df00000, 0x000000008de00000| Updating 
| 223|0x000000008df00000, 0x000000008df00000, 0x000000008e000000|  0%| F|  |TAMS 0x000000008df00000, 0x000000008df00000| Untracked 
| 224|0x000000008e000000, 0x000000008e100000, 0x000000008e100000|100%| O|  |TAMS 0x000000008e100000, 0x000000008e000000| Untracked 
| 225|0x000000008e100000, 0x000000008e200000, 0x000000008e200000|100%| O|  |TAMS 0x000000008e200000, 0x000000008e100000| Untracked 
| 226|0x000000008e200000, 0x000000008e300000, 0x000000008e300000|100%| O|  |TAMS 0x000000008e300000, 0x000000008e200000| Untracked 
| 227|0x000000008e300000, 0x000000008e400000, 0x000000008e400000|100%| O|  |TAMS 0x000000008e400000, 0x000000008e300000| Untracked 
| 228|0x000000008e400000, 0x000000008e500000, 0x000000008e500000|100%| O|  |TAMS 0x000000008e500000, 0x000000008e400000| Untracked 
| 229|0x000000008e500000, 0x000000008e600000, 0x000000008e600000|100%| O|  |TAMS 0x000000008e600000, 0x000000008e500000| Untracked 
| 230|0x000000008e600000, 0x000000008e700000, 0x000000008e700000|100%| O|  |TAMS 0x000000008e700000, 0x000000008e600000| Untracked 
| 231|0x000000008e700000, 0x000000008e800000, 0x000000008e800000|100%| O|  |TAMS 0x000000008e800000, 0x000000008e700000| Untracked 
| 232|0x000000008e800000, 0x000000008e900000, 0x000000008e900000|100%| O|  |TAMS 0x000000008e900000, 0x000000008e800000| Updating 
| 233|0x000000008e900000, 0x000000008ea00000, 0x000000008ea00000|100%| O|  |TAMS 0x000000008ea00000, 0x000000008e900000| Untracked 
| 234|0x000000008ea00000, 0x000000008eb00000, 0x000000008eb00000|100%| O|  |TAMS 0x000000008eb00000, 0x000000008ea00000| Untracked 
| 235|0x000000008eb00000, 0x000000008ec00000, 0x000000008ec00000|100%| O|  |TAMS 0x000000008ec00000, 0x000000008eb00000| Untracked 
| 236|0x000000008ec00000, 0x000000008ed00000, 0x000000008ed00000|100%| O|  |TAMS 0x000000008ed00000, 0x000000008ec00000| Untracked 
| 237|0x000000008ed00000, 0x000000008ee00000, 0x000000008ee00000|100%| O|  |TAMS 0x000000008ee00000, 0x000000008ed00000| Updating 
| 238|0x000000008ee00000, 0x000000008ef00000, 0x000000008ef00000|100%| O|  |TAMS 0x000000008ef00000, 0x000000008ee00000| Updating 
| 239|0x000000008ef00000, 0x000000008f000000, 0x000000008f000000|100%| O|  |TAMS 0x000000008f000000, 0x000000008ef00000| Untracked 
| 240|0x000000008f000000, 0x000000008f100000, 0x000000008f100000|100%| O|  |TAMS 0x000000008f100000, 0x000000008f000000| Untracked 
| 241|0x000000008f100000, 0x000000008f200000, 0x000000008f200000|100%| O|  |TAMS 0x000000008f200000, 0x000000008f100000| Untracked 
| 242|0x000000008f200000, 0x000000008f300000, 0x000000008f300000|100%| O|  |TAMS 0x000000008f300000, 0x000000008f200000| Untracked 
| 243|0x000000008f300000, 0x000000008f400000, 0x000000008f400000|100%| O|  |TAMS 0x000000008f400000, 0x000000008f300000| Untracked 
| 244|0x000000008f400000, 0x000000008f500000, 0x000000008f500000|100%| O|  |TAMS 0x000000008f500000, 0x000000008f400000| Untracked 
| 245|0x000000008f500000, 0x000000008f600000, 0x000000008f600000|100%| O|  |TAMS 0x000000008f600000, 0x000000008f500000| Untracked 
| 246|0x000000008f600000, 0x000000008f700000, 0x000000008f700000|100%| O|  |TAMS 0x000000008f700000, 0x000000008f600000| Untracked 
| 247|0x000000008f700000, 0x000000008f800000, 0x000000008f800000|100%| O|  |TAMS 0x000000008f800000, 0x000000008f700000| Untracked 
| 248|0x000000008f800000, 0x000000008f900000, 0x000000008f900000|100%| O|  |TAMS 0x000000008f900000, 0x000000008f800000| Updating 
| 249|0x000000008f900000, 0x000000008fa00000, 0x000000008fa00000|100%| O|  |TAMS 0x000000008fa00000, 0x000000008f900000| Untracked 
| 250|0x000000008fa00000, 0x000000008fb00000, 0x000000008fb00000|100%| O|  |TAMS 0x000000008fb00000, 0x000000008fa00000| Untracked 
| 251|0x000000008fb00000, 0x000000008fc00000, 0x000000008fc00000|100%| O|  |TAMS 0x000000008fc00000, 0x000000008fb00000| Untracked 
| 252|0x000000008fc00000, 0x000000008fd00000, 0x000000008fd00000|100%| O|  |TAMS 0x000000008fd00000, 0x000000008fc00000| Untracked 
| 253|0x000000008fd00000, 0x000000008fe00000, 0x000000008fe00000|100%| O|  |TAMS 0x000000008fe00000, 0x000000008fd00000| Untracked 
| 254|0x000000008fe00000, 0x000000008ff00000, 0x000000008ff00000|100%| O|  |TAMS 0x000000008ff00000, 0x000000008fe00000| Untracked 
| 255|0x000000008ff00000, 0x000000008ff00000, 0x0000000090000000|  0%| F|  |TAMS 0x000000008ff00000, 0x000000008ff00000| Untracked 
| 256|0x0000000090000000, 0x0000000090000000, 0x0000000090100000|  0%| F|  |TAMS 0x0000000090000000, 0x0000000090000000| Untracked 
| 257|0x0000000090100000, 0x0000000090200000, 0x0000000090200000|100%| O|  |TAMS 0x0000000090200000, 0x0000000090100000| Untracked 
| 258|0x0000000090200000, 0x0000000090300000, 0x0000000090300000|100%| O|  |TAMS 0x0000000090300000, 0x0000000090200000| Untracked 
| 259|0x0000000090300000, 0x0000000090400000, 0x0000000090400000|100%| O|  |TAMS 0x0000000090400000, 0x0000000090300000| Untracked 
| 260|0x0000000090400000, 0x0000000090500000, 0x0000000090500000|100%| O|  |TAMS 0x0000000090500000, 0x0000000090400000| Untracked 
| 261|0x0000000090500000, 0x0000000090600000, 0x0000000090600000|100%| O|  |TAMS 0x0000000090600000, 0x0000000090500000| Untracked 
| 262|0x0000000090600000, 0x0000000090700000, 0x0000000090700000|100%| O|  |TAMS 0x0000000090700000, 0x0000000090600000| Untracked 
| 263|0x0000000090700000, 0x0000000090800000, 0x0000000090800000|100%| O|  |TAMS 0x0000000090800000, 0x0000000090700000| Untracked 
| 264|0x0000000090800000, 0x0000000090900000, 0x0000000090900000|100%| O|  |TAMS 0x0000000090900000, 0x0000000090800000| Untracked 
| 265|0x0000000090900000, 0x0000000090a00000, 0x0000000090a00000|100%| O|  |TAMS 0x0000000090a00000, 0x0000000090900000| Untracked 
| 266|0x0000000090a00000, 0x0000000090b00000, 0x0000000090b00000|100%| O|  |TAMS 0x0000000090b00000, 0x0000000090a00000| Updating 
| 267|0x0000000090b00000, 0x0000000090c00000, 0x0000000090c00000|100%| O|  |TAMS 0x0000000090c00000, 0x0000000090b00000| Untracked 
| 268|0x0000000090c00000, 0x0000000090d00000, 0x0000000090d00000|100%| O|  |TAMS 0x0000000090d00000, 0x0000000090c00000| Untracked 
| 269|0x0000000090d00000, 0x0000000090e00000, 0x0000000090e00000|100%| O|  |TAMS 0x0000000090e00000, 0x0000000090d00000| Untracked 
| 270|0x0000000090e00000, 0x0000000090f00000, 0x0000000090f00000|100%| O|  |TAMS 0x0000000090f00000, 0x0000000090e00000| Updating 
| 271|0x0000000090f00000, 0x0000000091000000, 0x0000000091000000|100%| O|  |TAMS 0x0000000091000000, 0x0000000090f00000| Updating 
| 272|0x0000000091000000, 0x0000000091100000, 0x0000000091100000|100%| O|  |TAMS 0x0000000091100000, 0x0000000091000000| Untracked 
| 273|0x0000000091100000, 0x0000000091200000, 0x0000000091200000|100%| O|  |TAMS 0x0000000091200000, 0x0000000091100000| Updating 
| 274|0x0000000091200000, 0x0000000091300000, 0x0000000091300000|100%| O|  |TAMS 0x0000000091300000, 0x0000000091200000| Updating 
| 275|0x0000000091300000, 0x0000000091400000, 0x0000000091400000|100%| O|  |TAMS 0x0000000091400000, 0x0000000091300000| Updating 
| 276|0x0000000091400000, 0x0000000091500000, 0x0000000091500000|100%| O|  |TAMS 0x0000000091500000, 0x0000000091400000| Updating 
| 277|0x0000000091500000, 0x0000000091600000, 0x0000000091600000|100%| O|  |TAMS 0x0000000091600000, 0x0000000091500000| Untracked 
| 278|0x0000000091600000, 0x0000000091700000, 0x0000000091700000|100%| O|  |TAMS 0x0000000091700000, 0x0000000091600000| Untracked 
| 279|0x0000000091700000, 0x0000000091800000, 0x0000000091800000|100%| O|  |TAMS 0x0000000091800000, 0x0000000091700000| Updating 
| 280|0x0000000091800000, 0x0000000091900000, 0x0000000091900000|100%| O|  |TAMS 0x0000000091900000, 0x0000000091800000| Untracked 
| 281|0x0000000091900000, 0x0000000091a00000, 0x0000000091a00000|100%| O|  |TAMS 0x0000000091a00000, 0x0000000091900000| Untracked 
| 282|0x0000000091a00000, 0x0000000091b00000, 0x0000000091b00000|100%| O|  |TAMS 0x0000000091b00000, 0x0000000091a00000| Untracked 
| 283|0x0000000091b00000, 0x0000000091c00000, 0x0000000091c00000|100%| O|  |TAMS 0x0000000091c00000, 0x0000000091b00000| Updating 
| 284|0x0000000091c00000, 0x0000000091d00000, 0x0000000091d00000|100%| O|  |TAMS 0x0000000091d00000, 0x0000000091c00000| Updating 
| 285|0x0000000091d00000, 0x0000000091e00000, 0x0000000091e00000|100%| O|  |TAMS 0x0000000091e00000, 0x0000000091d00000| Untracked 
| 286|0x0000000091e00000, 0x0000000091f00000, 0x0000000091f00000|100%| O|  |TAMS 0x0000000091f00000, 0x0000000091e00000| Updating 
| 287|0x0000000091f00000, 0x0000000092000000, 0x0000000092000000|100%| O|  |TAMS 0x0000000092000000, 0x0000000091f00000| Updating 
| 288|0x0000000092000000, 0x0000000092100000, 0x0000000092100000|100%| O|  |TAMS 0x0000000092100000, 0x0000000092000000| Updating 
| 289|0x0000000092100000, 0x0000000092200000, 0x0000000092200000|100%| O|  |TAMS 0x0000000092200000, 0x0000000092100000| Untracked 
| 290|0x0000000092200000, 0x0000000092300000, 0x0000000092300000|100%| O|  |TAMS 0x0000000092300000, 0x0000000092200000| Updating 
| 291|0x0000000092300000, 0x0000000092400000, 0x0000000092400000|100%| O|  |TAMS 0x0000000092400000, 0x0000000092300000| Untracked 
| 292|0x0000000092400000, 0x0000000092500000, 0x0000000092500000|100%| O|  |TAMS 0x0000000092500000, 0x0000000092400000| Untracked 
| 293|0x0000000092500000, 0x0000000092600000, 0x0000000092600000|100%| O|  |TAMS 0x0000000092600000, 0x0000000092500000| Updating 
| 294|0x0000000092600000, 0x0000000092700000, 0x0000000092700000|100%| O|  |TAMS 0x0000000092700000, 0x0000000092600000| Updating 
| 295|0x0000000092700000, 0x0000000092800000, 0x0000000092800000|100%| O|  |TAMS 0x0000000092800000, 0x0000000092700000| Updating 
| 296|0x0000000092800000, 0x0000000092900000, 0x0000000092900000|100%| O|  |TAMS 0x0000000092900000, 0x0000000092800000| Updating 
| 297|0x0000000092900000, 0x0000000092a00000, 0x0000000092a00000|100%| O|  |TAMS 0x0000000092a00000, 0x0000000092900000| Updating 
| 298|0x0000000092a00000, 0x0000000092b00000, 0x0000000092b00000|100%| O|  |TAMS 0x0000000092b00000, 0x0000000092a00000| Untracked 
| 299|0x0000000092b00000, 0x0000000092c00000, 0x0000000092c00000|100%| O|  |TAMS 0x0000000092c00000, 0x0000000092b00000| Untracked 
| 300|0x0000000092c00000, 0x0000000092d00000, 0x0000000092d00000|100%| O|  |TAMS 0x0000000092d00000, 0x0000000092c00000| Updating 
| 301|0x0000000092d00000, 0x0000000092e00000, 0x0000000092e00000|100%| O|  |TAMS 0x0000000092e00000, 0x0000000092d00000| Untracked 
| 302|0x0000000092e00000, 0x0000000092f00000, 0x0000000092f00000|100%| O|  |TAMS 0x0000000092f00000, 0x0000000092e00000| Untracked 
| 303|0x0000000092f00000, 0x0000000093000000, 0x0000000093000000|100%| O|  |TAMS 0x0000000093000000, 0x0000000092f00000| Updating 
| 304|0x0000000093000000, 0x0000000093100000, 0x0000000093100000|100%| O|  |TAMS 0x0000000093100000, 0x0000000093000000| Updating 
| 305|0x0000000093100000, 0x0000000093200000, 0x0000000093200000|100%| O|  |TAMS 0x0000000093200000, 0x0000000093100000| Untracked 
| 306|0x0000000093200000, 0x0000000093300000, 0x0000000093300000|100%| O|  |TAMS 0x0000000093300000, 0x0000000093200000| Untracked 
| 307|0x0000000093300000, 0x0000000093400000, 0x0000000093400000|100%| O|  |TAMS 0x0000000093400000, 0x0000000093300000| Untracked 
| 308|0x0000000093400000, 0x0000000093500000, 0x0000000093500000|100%| O|  |TAMS 0x0000000093500000, 0x0000000093400000| Untracked 
| 309|0x0000000093500000, 0x0000000093600000, 0x0000000093600000|100%| O|  |TAMS 0x0000000093600000, 0x0000000093500000| Updating 
| 310|0x0000000093600000, 0x0000000093700000, 0x0000000093700000|100%| O|  |TAMS 0x0000000093700000, 0x0000000093600000| Updating 
| 311|0x0000000093700000, 0x0000000093800000, 0x0000000093800000|100%| O|  |TAMS 0x0000000093800000, 0x0000000093700000| Untracked 
| 312|0x0000000093800000, 0x0000000093900000, 0x0000000093900000|100%| O|  |TAMS 0x0000000093900000, 0x0000000093800000| Updating 
| 313|0x0000000093900000, 0x0000000093a00000, 0x0000000093a00000|100%| O|  |TAMS 0x0000000093a00000, 0x0000000093900000| Updating 
| 314|0x0000000093a00000, 0x0000000093b00000, 0x0000000093b00000|100%| O|  |TAMS 0x0000000093b00000, 0x0000000093a00000| Untracked 
| 315|0x0000000093b00000, 0x0000000093c00000, 0x0000000093c00000|100%| O|  |TAMS 0x0000000093c00000, 0x0000000093b00000| Updating 
| 316|0x0000000093c00000, 0x0000000093d00000, 0x0000000093d00000|100%| O|  |TAMS 0x0000000093d00000, 0x0000000093c00000| Untracked 
| 317|0x0000000093d00000, 0x0000000093e00000, 0x0000000093e00000|100%| O|  |TAMS 0x0000000093e00000, 0x0000000093d00000| Untracked 
| 318|0x0000000093e00000, 0x0000000093f00000, 0x0000000093f00000|100%| O|  |TAMS 0x0000000093f00000, 0x0000000093e00000| Updating 
| 319|0x0000000093f00000, 0x0000000094000000, 0x0000000094000000|100%| O|  |TAMS 0x0000000094000000, 0x0000000093f00000| Untracked 
| 320|0x0000000094000000, 0x0000000094100000, 0x0000000094100000|100%| O|  |TAMS 0x0000000094100000, 0x0000000094000000| Untracked 
| 321|0x0000000094100000, 0x0000000094200000, 0x0000000094200000|100%| O|  |TAMS 0x0000000094200000, 0x0000000094100000| Updating 
| 322|0x0000000094200000, 0x0000000094300000, 0x0000000094300000|100%| O|  |TAMS 0x0000000094300000, 0x0000000094200000| Updating 
| 323|0x0000000094300000, 0x0000000094400000, 0x0000000094400000|100%| O|  |TAMS 0x0000000094400000, 0x0000000094300000| Untracked 
| 324|0x0000000094400000, 0x0000000094500000, 0x0000000094500000|100%| O|  |TAMS 0x0000000094500000, 0x0000000094400000| Untracked 
| 325|0x0000000094500000, 0x0000000094600000, 0x0000000094600000|100%| O|  |TAMS 0x0000000094600000, 0x0000000094500000| Updating 
| 326|0x0000000094600000, 0x0000000094700000, 0x0000000094700000|100%| O|  |TAMS 0x0000000094700000, 0x0000000094600000| Untracked 
| 327|0x0000000094700000, 0x0000000094800000, 0x0000000094800000|100%| O|  |TAMS 0x0000000094800000, 0x0000000094700000| Untracked 
| 328|0x0000000094800000, 0x0000000094900000, 0x0000000094900000|100%| O|  |TAMS 0x0000000094900000, 0x0000000094800000| Untracked 
| 329|0x0000000094900000, 0x0000000094a00000, 0x0000000094a00000|100%| O|  |TAMS 0x0000000094a00000, 0x0000000094900000| Updating 
| 330|0x0000000094a00000, 0x0000000094b00000, 0x0000000094b00000|100%| O|  |TAMS 0x0000000094b00000, 0x0000000094a00000| Updating 
| 331|0x0000000094b00000, 0x0000000094c00000, 0x0000000094c00000|100%| O|  |TAMS 0x0000000094c00000, 0x0000000094b00000| Untracked 
| 332|0x0000000094c00000, 0x0000000094d00000, 0x0000000094d00000|100%| O|  |TAMS 0x0000000094d00000, 0x0000000094c00000| Updating 
| 333|0x0000000094d00000, 0x0000000094e00000, 0x0000000094e00000|100%| O|  |TAMS 0x0000000094e00000, 0x0000000094d00000| Updating 
| 334|0x0000000094e00000, 0x0000000094f00000, 0x0000000094f00000|100%| O|  |TAMS 0x0000000094f00000, 0x0000000094e00000| Untracked 
| 335|0x0000000094f00000, 0x0000000095000000, 0x0000000095000000|100%| O|  |TAMS 0x0000000095000000, 0x0000000094f00000| Updating 
| 336|0x0000000095000000, 0x0000000095100000, 0x0000000095100000|100%| O|  |TAMS 0x0000000095100000, 0x0000000095000000| Untracked 
| 337|0x0000000095100000, 0x0000000095200000, 0x0000000095200000|100%| O|  |TAMS 0x0000000095200000, 0x0000000095100000| Untracked 
| 338|0x0000000095200000, 0x0000000095300000, 0x0000000095300000|100%| O|  |TAMS 0x0000000095300000, 0x0000000095200000| Untracked 
| 339|0x0000000095300000, 0x0000000095400000, 0x0000000095400000|100%| O|  |TAMS 0x0000000095400000, 0x0000000095300000| Untracked 
| 340|0x0000000095400000, 0x0000000095500000, 0x0000000095500000|100%| O|  |TAMS 0x0000000095500000, 0x0000000095400000| Untracked 
| 341|0x0000000095500000, 0x0000000095600000, 0x0000000095600000|100%| O|  |TAMS 0x0000000095600000, 0x0000000095500000| Untracked 
| 342|0x0000000095600000, 0x00000000956e1400, 0x0000000095700000| 87%| O|  |TAMS 0x00000000956e1400, 0x0000000095600000| Updating 
| 343|0x0000000095700000, 0x0000000095700000, 0x0000000095800000|  0%| F|  |TAMS 0x0000000095700000, 0x0000000095700000| Untracked 
| 344|0x0000000095800000, 0x0000000095800000, 0x0000000095900000|  0%| F|  |TAMS 0x0000000095800000, 0x0000000095800000| Untracked 
| 345|0x0000000095900000, 0x0000000095900000, 0x0000000095a00000|  0%| F|  |TAMS 0x0000000095900000, 0x0000000095900000| Untracked 
| 346|0x0000000095a00000, 0x0000000095a00000, 0x0000000095b00000|  0%| F|  |TAMS 0x0000000095a00000, 0x0000000095a00000| Untracked 
| 347|0x0000000095b00000, 0x0000000095b00000, 0x0000000095c00000|  0%| F|  |TAMS 0x0000000095b00000, 0x0000000095b00000| Untracked 
| 348|0x0000000095c00000, 0x0000000095c00000, 0x0000000095d00000|  0%| F|  |TAMS 0x0000000095c00000, 0x0000000095c00000| Untracked 
| 349|0x0000000095d00000, 0x0000000095d00000, 0x0000000095e00000|  0%| F|  |TAMS 0x0000000095d00000, 0x0000000095d00000| Untracked 
| 350|0x0000000095e00000, 0x0000000095e00000, 0x0000000095f00000|  0%| F|  |TAMS 0x0000000095e00000, 0x0000000095e00000| Untracked 
| 351|0x0000000095f00000, 0x0000000095f00000, 0x0000000096000000|  0%| F|  |TAMS 0x0000000095f00000, 0x0000000095f00000| Untracked 
| 352|0x0000000096000000, 0x0000000096000000, 0x0000000096100000|  0%| F|  |TAMS 0x0000000096000000, 0x0000000096000000| Untracked 
| 353|0x0000000096100000, 0x0000000096100000, 0x0000000096200000|  0%| F|  |TAMS 0x0000000096100000, 0x0000000096100000| Untracked 
| 354|0x0000000096200000, 0x0000000096200000, 0x0000000096300000|  0%| F|  |TAMS 0x0000000096200000, 0x0000000096200000| Untracked 
| 355|0x0000000096300000, 0x0000000096300000, 0x0000000096400000|  0%| F|  |TAMS 0x0000000096300000, 0x0000000096300000| Untracked 
| 356|0x0000000096400000, 0x0000000096400000, 0x0000000096500000|  0%| F|  |TAMS 0x0000000096400000, 0x0000000096400000| Untracked 
| 357|0x0000000096500000, 0x0000000096500000, 0x0000000096600000|  0%| F|  |TAMS 0x0000000096500000, 0x0000000096500000| Untracked 
| 358|0x0000000096600000, 0x0000000096600000, 0x0000000096700000|  0%| F|  |TAMS 0x0000000096600000, 0x0000000096600000| Untracked 
| 359|0x0000000096700000, 0x0000000096700000, 0x0000000096800000|  0%| F|  |TAMS 0x0000000096700000, 0x0000000096700000| Untracked 
| 360|0x0000000096800000, 0x0000000096800000, 0x0000000096900000|  0%| F|  |TAMS 0x0000000096800000, 0x0000000096800000| Untracked 
| 361|0x0000000096900000, 0x0000000096900000, 0x0000000096a00000|  0%| F|  |TAMS 0x0000000096900000, 0x0000000096900000| Untracked 
| 362|0x0000000096a00000, 0x0000000096a00000, 0x0000000096b00000|  0%| F|  |TAMS 0x0000000096a00000, 0x0000000096a00000| Untracked 
| 363|0x0000000096b00000, 0x0000000096b00000, 0x0000000096c00000|  0%| F|  |TAMS 0x0000000096b00000, 0x0000000096b00000| Untracked 
| 364|0x0000000096c00000, 0x0000000096c00000, 0x0000000096d00000|  0%| F|  |TAMS 0x0000000096c00000, 0x0000000096c00000| Untracked 
| 365|0x0000000096d00000, 0x0000000096d00000, 0x0000000096e00000|  0%| F|  |TAMS 0x0000000096d00000, 0x0000000096d00000| Untracked 
| 366|0x0000000096e00000, 0x0000000096e00000, 0x0000000096f00000|  0%| F|  |TAMS 0x0000000096e00000, 0x0000000096e00000| Untracked 
| 367|0x0000000096f00000, 0x0000000096f00000, 0x0000000097000000|  0%| F|  |TAMS 0x0000000096f00000, 0x0000000096f00000| Untracked 
| 368|0x0000000097000000, 0x0000000097000000, 0x0000000097100000|  0%| F|  |TAMS 0x0000000097000000, 0x0000000097000000| Untracked 
| 369|0x0000000097100000, 0x0000000097100000, 0x0000000097200000|  0%| F|  |TAMS 0x0000000097100000, 0x0000000097100000| Untracked 
| 370|0x0000000097200000, 0x0000000097200000, 0x0000000097300000|  0%| F|  |TAMS 0x0000000097200000, 0x0000000097200000| Untracked 
| 371|0x0000000097300000, 0x0000000097300000, 0x0000000097400000|  0%| F|  |TAMS 0x0000000097300000, 0x0000000097300000| Untracked 
| 372|0x0000000097400000, 0x0000000097400000, 0x0000000097500000|  0%| F|  |TAMS 0x0000000097400000, 0x0000000097400000| Untracked 
| 373|0x0000000097500000, 0x0000000097500000, 0x0000000097600000|  0%| F|  |TAMS 0x0000000097500000, 0x0000000097500000| Untracked 
| 374|0x0000000097600000, 0x0000000097600000, 0x0000000097700000|  0%| F|  |TAMS 0x0000000097600000, 0x0000000097600000| Untracked 
| 375|0x0000000097700000, 0x0000000097700000, 0x0000000097800000|  0%| F|  |TAMS 0x0000000097700000, 0x0000000097700000| Untracked 
| 376|0x0000000097800000, 0x0000000097800000, 0x0000000097900000|  0%| F|  |TAMS 0x0000000097800000, 0x0000000097800000| Untracked 
| 377|0x0000000097900000, 0x0000000097900000, 0x0000000097a00000|  0%| F|  |TAMS 0x0000000097900000, 0x0000000097900000| Untracked 
| 378|0x0000000097a00000, 0x0000000097a00000, 0x0000000097b00000|  0%| F|  |TAMS 0x0000000097a00000, 0x0000000097a00000| Untracked 
| 379|0x0000000097b00000, 0x0000000097b00000, 0x0000000097c00000|  0%| F|  |TAMS 0x0000000097b00000, 0x0000000097b00000| Untracked 
| 380|0x0000000097c00000, 0x0000000097c00000, 0x0000000097d00000|  0%| F|  |TAMS 0x0000000097c00000, 0x0000000097c00000| Untracked 
| 381|0x0000000097d00000, 0x0000000097d00000, 0x0000000097e00000|  0%| F|  |TAMS 0x0000000097d00000, 0x0000000097d00000| Untracked 
| 382|0x0000000097e00000, 0x0000000097e00000, 0x0000000097f00000|  0%| F|  |TAMS 0x0000000097e00000, 0x0000000097e00000| Untracked 
| 383|0x0000000097f00000, 0x0000000097f00000, 0x0000000098000000|  0%| F|  |TAMS 0x0000000097f00000, 0x0000000097f00000| Untracked 
| 384|0x0000000098000000, 0x0000000098000000, 0x0000000098100000|  0%| F|  |TAMS 0x0000000098000000, 0x0000000098000000| Untracked 
| 385|0x0000000098100000, 0x0000000098100000, 0x0000000098200000|  0%| F|  |TAMS 0x0000000098100000, 0x0000000098100000| Untracked 
| 386|0x0000000098200000, 0x0000000098200000, 0x0000000098300000|  0%| F|  |TAMS 0x0000000098200000, 0x0000000098200000| Untracked 
| 387|0x0000000098300000, 0x0000000098300000, 0x0000000098400000|  0%| F|  |TAMS 0x0000000098300000, 0x0000000098300000| Untracked 
| 388|0x0000000098400000, 0x0000000098400000, 0x0000000098500000|  0%| F|  |TAMS 0x0000000098400000, 0x0000000098400000| Untracked 
| 389|0x0000000098500000, 0x0000000098500000, 0x0000000098600000|  0%| F|  |TAMS 0x0000000098500000, 0x0000000098500000| Untracked 
| 390|0x0000000098600000, 0x0000000098600000, 0x0000000098700000|  0%| F|  |TAMS 0x0000000098600000, 0x0000000098600000| Untracked 
| 391|0x0000000098700000, 0x0000000098700000, 0x0000000098800000|  0%| F|  |TAMS 0x0000000098700000, 0x0000000098700000| Untracked 
| 392|0x0000000098800000, 0x0000000098800000, 0x0000000098900000|  0%| F|  |TAMS 0x0000000098800000, 0x0000000098800000| Untracked 
| 393|0x0000000098900000, 0x0000000098900000, 0x0000000098a00000|  0%| F|  |TAMS 0x0000000098900000, 0x0000000098900000| Untracked 
| 394|0x0000000098a00000, 0x0000000098a00000, 0x0000000098b00000|  0%| F|  |TAMS 0x0000000098a00000, 0x0000000098a00000| Untracked 
| 395|0x0000000098b00000, 0x0000000098b00000, 0x0000000098c00000|  0%| F|  |TAMS 0x0000000098b00000, 0x0000000098b00000| Untracked 
| 396|0x0000000098c00000, 0x0000000098c00000, 0x0000000098d00000|  0%| F|  |TAMS 0x0000000098c00000, 0x0000000098c00000| Untracked 
| 397|0x0000000098d00000, 0x0000000098d00000, 0x0000000098e00000|  0%| F|  |TAMS 0x0000000098d00000, 0x0000000098d00000| Untracked 
| 398|0x0000000098e00000, 0x0000000098e00000, 0x0000000098f00000|  0%| F|  |TAMS 0x0000000098e00000, 0x0000000098e00000| Untracked 
| 399|0x0000000098f00000, 0x0000000098f00000, 0x0000000099000000|  0%| F|  |TAMS 0x0000000098f00000, 0x0000000098f00000| Untracked 
| 400|0x0000000099000000, 0x0000000099000000, 0x0000000099100000|  0%| F|  |TAMS 0x0000000099000000, 0x0000000099000000| Untracked 
| 401|0x0000000099100000, 0x0000000099100000, 0x0000000099200000|  0%| F|  |TAMS 0x0000000099100000, 0x0000000099100000| Untracked 
| 402|0x0000000099200000, 0x0000000099200000, 0x0000000099300000|  0%| F|  |TAMS 0x0000000099200000, 0x0000000099200000| Untracked 
| 403|0x0000000099300000, 0x00000000993850c0, 0x0000000099400000| 51%| S|CS|TAMS 0x0000000099300000, 0x0000000099300000| Complete 
| 404|0x0000000099400000, 0x0000000099500000, 0x0000000099500000|100%| S|CS|TAMS 0x0000000099400000, 0x0000000099400000| Complete 
| 405|0x0000000099500000, 0x0000000099600000, 0x0000000099600000|100%| S|CS|TAMS 0x0000000099500000, 0x0000000099500000| Complete 
| 406|0x0000000099600000, 0x0000000099700000, 0x0000000099700000|100%| S|CS|TAMS 0x0000000099600000, 0x0000000099600000| Complete 
| 407|0x0000000099700000, 0x0000000099800000, 0x0000000099800000|100%| S|CS|TAMS 0x0000000099700000, 0x0000000099700000| Complete 
| 408|0x0000000099800000, 0x0000000099900000, 0x0000000099900000|100%| S|CS|TAMS 0x0000000099800000, 0x0000000099800000| Complete 
| 409|0x0000000099900000, 0x0000000099a00000, 0x0000000099a00000|100%| S|CS|TAMS 0x0000000099900000, 0x0000000099900000| Complete 
| 410|0x0000000099a00000, 0x0000000099b00000, 0x0000000099b00000|100%| S|CS|TAMS 0x0000000099a00000, 0x0000000099a00000| Complete 
| 411|0x0000000099b00000, 0x0000000099c00000, 0x0000000099c00000|100%| S|CS|TAMS 0x0000000099b00000, 0x0000000099b00000| Complete 
| 412|0x0000000099c00000, 0x0000000099d00000, 0x0000000099d00000|100%| S|CS|TAMS 0x0000000099c00000, 0x0000000099c00000| Complete 
| 413|0x0000000099d00000, 0x0000000099e00000, 0x0000000099e00000|100%| S|CS|TAMS 0x0000000099d00000, 0x0000000099d00000| Complete 
| 414|0x0000000099e00000, 0x0000000099f00000, 0x0000000099f00000|100%| S|CS|TAMS 0x0000000099e00000, 0x0000000099e00000| Complete 
| 415|0x0000000099f00000, 0x000000009a000000, 0x000000009a000000|100%| S|CS|TAMS 0x0000000099f00000, 0x0000000099f00000| Complete 
| 416|0x000000009a000000, 0x000000009a000000, 0x000000009a100000|  0%| F|  |TAMS 0x000000009a000000, 0x000000009a000000| Untracked 
| 417|0x000000009a100000, 0x000000009a100000, 0x000000009a200000|  0%| F|  |TAMS 0x000000009a100000, 0x000000009a100000| Untracked 
| 418|0x000000009a200000, 0x000000009a200000, 0x000000009a300000|  0%| F|  |TAMS 0x000000009a200000, 0x000000009a200000| Untracked 
| 419|0x000000009a300000, 0x000000009a300000, 0x000000009a400000|  0%| F|  |TAMS 0x000000009a300000, 0x000000009a300000| Untracked 
| 420|0x000000009a400000, 0x000000009a400000, 0x000000009a500000|  0%| F|  |TAMS 0x000000009a400000, 0x000000009a400000| Untracked 
| 421|0x000000009a500000, 0x000000009a500000, 0x000000009a600000|  0%| F|  |TAMS 0x000000009a500000, 0x000000009a500000| Untracked 
| 422|0x000000009a600000, 0x000000009a600000, 0x000000009a700000|  0%| F|  |TAMS 0x000000009a600000, 0x000000009a600000| Untracked 
| 423|0x000000009a700000, 0x000000009a700000, 0x000000009a800000|  0%| F|  |TAMS 0x000000009a700000, 0x000000009a700000| Untracked 
| 424|0x000000009a800000, 0x000000009a800000, 0x000000009a900000|  0%| F|  |TAMS 0x000000009a800000, 0x000000009a800000| Untracked 
| 425|0x000000009a900000, 0x000000009a900000, 0x000000009aa00000|  0%| F|  |TAMS 0x000000009a900000, 0x000000009a900000| Untracked 
| 426|0x000000009aa00000, 0x000000009aa00000, 0x000000009ab00000|  0%| F|  |TAMS 0x000000009aa00000, 0x000000009aa00000| Untracked 
| 427|0x000000009ab00000, 0x000000009ab00000, 0x000000009ac00000|  0%| F|  |TAMS 0x000000009ab00000, 0x000000009ab00000| Untracked 
| 428|0x000000009ac00000, 0x000000009ac00000, 0x000000009ad00000|  0%| F|  |TAMS 0x000000009ac00000, 0x000000009ac00000| Untracked 
| 429|0x000000009ad00000, 0x000000009ad00000, 0x000000009ae00000|  0%| F|  |TAMS 0x000000009ad00000, 0x000000009ad00000| Untracked 
| 430|0x000000009ae00000, 0x000000009ae00000, 0x000000009af00000|  0%| F|  |TAMS 0x000000009ae00000, 0x000000009ae00000| Untracked 
| 431|0x000000009af00000, 0x000000009af00000, 0x000000009b000000|  0%| F|  |TAMS 0x000000009af00000, 0x000000009af00000| Untracked 
| 432|0x000000009b000000, 0x000000009b000000, 0x000000009b100000|  0%| F|  |TAMS 0x000000009b000000, 0x000000009b000000| Untracked 
| 433|0x000000009b100000, 0x000000009b100000, 0x000000009b200000|  0%| F|  |TAMS 0x000000009b100000, 0x000000009b100000| Untracked 
| 434|0x000000009b200000, 0x000000009b200000, 0x000000009b300000|  0%| F|  |TAMS 0x000000009b200000, 0x000000009b200000| Untracked 
| 435|0x000000009b300000, 0x000000009b300000, 0x000000009b400000|  0%| F|  |TAMS 0x000000009b300000, 0x000000009b300000| Untracked 
| 436|0x000000009b400000, 0x000000009b400000, 0x000000009b500000|  0%| F|  |TAMS 0x000000009b400000, 0x000000009b400000| Untracked 
| 437|0x000000009b500000, 0x000000009b500000, 0x000000009b600000|  0%| F|  |TAMS 0x000000009b500000, 0x000000009b500000| Untracked 
| 438|0x000000009b600000, 0x000000009b600000, 0x000000009b700000|  0%| F|  |TAMS 0x000000009b600000, 0x000000009b600000| Untracked 
| 439|0x000000009b700000, 0x000000009b700000, 0x000000009b800000|  0%| F|  |TAMS 0x000000009b700000, 0x000000009b700000| Untracked 
| 440|0x000000009b800000, 0x000000009b800000, 0x000000009b900000|  0%| F|  |TAMS 0x000000009b800000, 0x000000009b800000| Untracked 
| 441|0x000000009b900000, 0x000000009b900000, 0x000000009ba00000|  0%| F|  |TAMS 0x000000009b900000, 0x000000009b900000| Untracked 
| 442|0x000000009ba00000, 0x000000009ba00000, 0x000000009bb00000|  0%| F|  |TAMS 0x000000009ba00000, 0x000000009ba00000| Untracked 
| 443|0x000000009bb00000, 0x000000009bb00000, 0x000000009bc00000|  0%| F|  |TAMS 0x000000009bb00000, 0x000000009bb00000| Untracked 
| 444|0x000000009bc00000, 0x000000009bc00000, 0x000000009bd00000|  0%| F|  |TAMS 0x000000009bc00000, 0x000000009bc00000| Untracked 
| 445|0x000000009bd00000, 0x000000009bd00000, 0x000000009be00000|  0%| F|  |TAMS 0x000000009bd00000, 0x000000009bd00000| Untracked 
| 446|0x000000009be00000, 0x000000009be00000, 0x000000009bf00000|  0%| F|  |TAMS 0x000000009be00000, 0x000000009be00000| Untracked 
| 447|0x000000009bf00000, 0x000000009bf00000, 0x000000009c000000|  0%| F|  |TAMS 0x000000009bf00000, 0x000000009bf00000| Untracked 
| 448|0x000000009c000000, 0x000000009c000000, 0x000000009c100000|  0%| F|  |TAMS 0x000000009c000000, 0x000000009c000000| Untracked 
| 449|0x000000009c100000, 0x000000009c100000, 0x000000009c200000|  0%| F|  |TAMS 0x000000009c100000, 0x000000009c100000| Untracked 
| 450|0x000000009c200000, 0x000000009c200000, 0x000000009c300000|  0%| F|  |TAMS 0x000000009c200000, 0x000000009c200000| Untracked 
| 451|0x000000009c300000, 0x000000009c300000, 0x000000009c400000|  0%| F|  |TAMS 0x000000009c300000, 0x000000009c300000| Untracked 
| 452|0x000000009c400000, 0x000000009c400000, 0x000000009c500000|  0%| F|  |TAMS 0x000000009c400000, 0x000000009c400000| Untracked 
| 453|0x000000009c500000, 0x000000009c500000, 0x000000009c600000|  0%| F|  |TAMS 0x000000009c500000, 0x000000009c500000| Untracked 
| 454|0x000000009c600000, 0x000000009c600000, 0x000000009c700000|  0%| F|  |TAMS 0x000000009c600000, 0x000000009c600000| Untracked 
| 455|0x000000009c700000, 0x000000009c700000, 0x000000009c800000|  0%| F|  |TAMS 0x000000009c700000, 0x000000009c700000| Untracked 
| 456|0x000000009c800000, 0x000000009c800000, 0x000000009c900000|  0%| F|  |TAMS 0x000000009c800000, 0x000000009c800000| Untracked 
| 457|0x000000009c900000, 0x000000009c900000, 0x000000009ca00000|  0%| F|  |TAMS 0x000000009c900000, 0x000000009c900000| Untracked 
| 458|0x000000009ca00000, 0x000000009ca00000, 0x000000009cb00000|  0%| F|  |TAMS 0x000000009ca00000, 0x000000009ca00000| Untracked 
| 459|0x000000009cb00000, 0x000000009cb00000, 0x000000009cc00000|  0%| F|  |TAMS 0x000000009cb00000, 0x000000009cb00000| Untracked 
| 460|0x000000009cc00000, 0x000000009cc00000, 0x000000009cd00000|  0%| F|  |TAMS 0x000000009cc00000, 0x000000009cc00000| Untracked 
| 461|0x000000009cd00000, 0x000000009cd00000, 0x000000009ce00000|  0%| F|  |TAMS 0x000000009cd00000, 0x000000009cd00000| Untracked 
| 462|0x000000009ce00000, 0x000000009ce00000, 0x000000009cf00000|  0%| F|  |TAMS 0x000000009ce00000, 0x000000009ce00000| Untracked 
| 463|0x000000009cf00000, 0x000000009cf00000, 0x000000009d000000|  0%| F|  |TAMS 0x000000009cf00000, 0x000000009cf00000| Untracked 
| 464|0x000000009d000000, 0x000000009d000000, 0x000000009d100000|  0%| F|  |TAMS 0x000000009d000000, 0x000000009d000000| Untracked 
| 465|0x000000009d100000, 0x000000009d100000, 0x000000009d200000|  0%| F|  |TAMS 0x000000009d100000, 0x000000009d100000| Untracked 
| 466|0x000000009d200000, 0x000000009d200000, 0x000000009d300000|  0%| F|  |TAMS 0x000000009d200000, 0x000000009d200000| Untracked 
| 467|0x000000009d300000, 0x000000009d300000, 0x000000009d400000|  0%| F|  |TAMS 0x000000009d300000, 0x000000009d300000| Untracked 
| 468|0x000000009d400000, 0x000000009d400000, 0x000000009d500000|  0%| F|  |TAMS 0x000000009d400000, 0x000000009d400000| Untracked 
| 469|0x000000009d500000, 0x000000009d500000, 0x000000009d600000|  0%| F|  |TAMS 0x000000009d500000, 0x000000009d500000| Untracked 
| 470|0x000000009d600000, 0x000000009d600000, 0x000000009d700000|  0%| F|  |TAMS 0x000000009d600000, 0x000000009d600000| Untracked 
| 471|0x000000009d700000, 0x000000009d700000, 0x000000009d800000|  0%| F|  |TAMS 0x000000009d700000, 0x000000009d700000| Untracked 
| 472|0x000000009d800000, 0x000000009d800000, 0x000000009d900000|  0%| F|  |TAMS 0x000000009d800000, 0x000000009d800000| Untracked 
| 473|0x000000009d900000, 0x000000009d900000, 0x000000009da00000|  0%| F|  |TAMS 0x000000009d900000, 0x000000009d900000| Untracked 
| 474|0x000000009da00000, 0x000000009da00000, 0x000000009db00000|  0%| F|  |TAMS 0x000000009da00000, 0x000000009da00000| Untracked 
| 475|0x000000009db00000, 0x000000009db00000, 0x000000009dc00000|  0%| F|  |TAMS 0x000000009db00000, 0x000000009db00000| Untracked 
| 476|0x000000009dc00000, 0x000000009dc00000, 0x000000009dd00000|  0%| F|  |TAMS 0x000000009dc00000, 0x000000009dc00000| Untracked 
| 477|0x000000009dd00000, 0x000000009dd00000, 0x000000009de00000|  0%| F|  |TAMS 0x000000009dd00000, 0x000000009dd00000| Untracked 
| 478|0x000000009de00000, 0x000000009de00000, 0x000000009df00000|  0%| F|  |TAMS 0x000000009de00000, 0x000000009de00000| Untracked 
| 479|0x000000009df00000, 0x000000009df00000, 0x000000009e000000|  0%| F|  |TAMS 0x000000009df00000, 0x000000009df00000| Untracked 
| 480|0x000000009e000000, 0x000000009e000000, 0x000000009e100000|  0%| F|  |TAMS 0x000000009e000000, 0x000000009e000000| Untracked 
| 481|0x000000009e100000, 0x000000009e100000, 0x000000009e200000|  0%| F|  |TAMS 0x000000009e100000, 0x000000009e100000| Untracked 
| 482|0x000000009e200000, 0x000000009e200000, 0x000000009e300000|  0%| F|  |TAMS 0x000000009e200000, 0x000000009e200000| Untracked 
| 483|0x000000009e300000, 0x000000009e300000, 0x000000009e400000|  0%| F|  |TAMS 0x000000009e300000, 0x000000009e300000| Untracked 
| 484|0x000000009e400000, 0x000000009e400000, 0x000000009e500000|  0%| F|  |TAMS 0x000000009e400000, 0x000000009e400000| Untracked 
| 485|0x000000009e500000, 0x000000009e500000, 0x000000009e600000|  0%| F|  |TAMS 0x000000009e500000, 0x000000009e500000| Untracked 
| 486|0x000000009e600000, 0x000000009e600000, 0x000000009e700000|  0%| F|  |TAMS 0x000000009e600000, 0x000000009e600000| Untracked 
| 487|0x000000009e700000, 0x000000009e700000, 0x000000009e800000|  0%| F|  |TAMS 0x000000009e700000, 0x000000009e700000| Untracked 
| 488|0x000000009e800000, 0x000000009e800000, 0x000000009e900000|  0%| F|  |TAMS 0x000000009e800000, 0x000000009e800000| Untracked 
| 489|0x000000009e900000, 0x000000009e900000, 0x000000009ea00000|  0%| F|  |TAMS 0x000000009e900000, 0x000000009e900000| Untracked 
| 490|0x000000009ea00000, 0x000000009ea00000, 0x000000009eb00000|  0%| F|  |TAMS 0x000000009ea00000, 0x000000009ea00000| Untracked 
| 491|0x000000009eb00000, 0x000000009eb00000, 0x000000009ec00000|  0%| F|  |TAMS 0x000000009eb00000, 0x000000009eb00000| Untracked 
| 492|0x000000009ec00000, 0x000000009ec00000, 0x000000009ed00000|  0%| F|  |TAMS 0x000000009ec00000, 0x000000009ec00000| Untracked 
| 493|0x000000009ed00000, 0x000000009ed00000, 0x000000009ee00000|  0%| F|  |TAMS 0x000000009ed00000, 0x000000009ed00000| Untracked 
| 494|0x000000009ee00000, 0x000000009ee00000, 0x000000009ef00000|  0%| F|  |TAMS 0x000000009ee00000, 0x000000009ee00000| Untracked 
| 495|0x000000009ef00000, 0x000000009ef00000, 0x000000009f000000|  0%| F|  |TAMS 0x000000009ef00000, 0x000000009ef00000| Untracked 
| 496|0x000000009f000000, 0x000000009f000000, 0x000000009f100000|  0%| F|  |TAMS 0x000000009f000000, 0x000000009f000000| Untracked 
| 497|0x000000009f100000, 0x000000009f100000, 0x000000009f200000|  0%| F|  |TAMS 0x000000009f100000, 0x000000009f100000| Untracked 
| 498|0x000000009f200000, 0x000000009f200000, 0x000000009f300000|  0%| F|  |TAMS 0x000000009f200000, 0x000000009f200000| Untracked 
| 499|0x000000009f300000, 0x000000009f300000, 0x000000009f400000|  0%| F|  |TAMS 0x000000009f300000, 0x000000009f300000| Untracked 
| 500|0x000000009f400000, 0x000000009f400000, 0x000000009f500000|  0%| F|  |TAMS 0x000000009f400000, 0x000000009f400000| Untracked 
| 501|0x000000009f500000, 0x000000009f500000, 0x000000009f600000|  0%| F|  |TAMS 0x000000009f500000, 0x000000009f500000| Untracked 
| 502|0x000000009f600000, 0x000000009f600000, 0x000000009f700000|  0%| F|  |TAMS 0x000000009f600000, 0x000000009f600000| Untracked 
| 503|0x000000009f700000, 0x000000009f700000, 0x000000009f800000|  0%| F|  |TAMS 0x000000009f700000, 0x000000009f700000| Untracked 
| 504|0x000000009f800000, 0x000000009f800000, 0x000000009f900000|  0%| F|  |TAMS 0x000000009f800000, 0x000000009f800000| Untracked 
| 505|0x000000009f900000, 0x000000009f900000, 0x000000009fa00000|  0%| F|  |TAMS 0x000000009f900000, 0x000000009f900000| Untracked 
| 506|0x000000009fa00000, 0x000000009fa00000, 0x000000009fb00000|  0%| F|  |TAMS 0x000000009fa00000, 0x000000009fa00000| Untracked 
| 507|0x000000009fb00000, 0x000000009fb00000, 0x000000009fc00000|  0%| F|  |TAMS 0x000000009fb00000, 0x000000009fb00000| Untracked 
| 508|0x000000009fc00000, 0x000000009fc00000, 0x000000009fd00000|  0%| F|  |TAMS 0x000000009fc00000, 0x000000009fc00000| Untracked 
| 509|0x000000009fd00000, 0x000000009fd00000, 0x000000009fe00000|  0%| F|  |TAMS 0x000000009fd00000, 0x000000009fd00000| Untracked 
| 510|0x000000009fe00000, 0x000000009fe00000, 0x000000009ff00000|  0%| F|  |TAMS 0x000000009fe00000, 0x000000009fe00000| Untracked 
| 511|0x000000009ff00000, 0x000000009ff00000, 0x00000000a0000000|  0%| F|  |TAMS 0x000000009ff00000, 0x000000009ff00000| Untracked 
| 512|0x00000000a0000000, 0x00000000a0000000, 0x00000000a0100000|  0%| F|  |TAMS 0x00000000a0000000, 0x00000000a0000000| Untracked 
| 513|0x00000000a0100000, 0x00000000a0100000, 0x00000000a0200000|  0%| F|  |TAMS 0x00000000a0100000, 0x00000000a0100000| Untracked 
| 514|0x00000000a0200000, 0x00000000a0200000, 0x00000000a0300000|  0%| F|  |TAMS 0x00000000a0200000, 0x00000000a0200000| Untracked 
| 515|0x00000000a0300000, 0x00000000a0300000, 0x00000000a0400000|  0%| F|  |TAMS 0x00000000a0300000, 0x00000000a0300000| Untracked 
| 516|0x00000000a0400000, 0x00000000a0400000, 0x00000000a0500000|  0%| F|  |TAMS 0x00000000a0400000, 0x00000000a0400000| Untracked 
| 517|0x00000000a0500000, 0x00000000a0500000, 0x00000000a0600000|  0%| F|  |TAMS 0x00000000a0500000, 0x00000000a0500000| Untracked 
| 518|0x00000000a0600000, 0x00000000a0600000, 0x00000000a0700000|  0%| F|  |TAMS 0x00000000a0600000, 0x00000000a0600000| Untracked 
| 519|0x00000000a0700000, 0x00000000a0700000, 0x00000000a0800000|  0%| F|  |TAMS 0x00000000a0700000, 0x00000000a0700000| Untracked 
| 520|0x00000000a0800000, 0x00000000a0800000, 0x00000000a0900000|  0%| F|  |TAMS 0x00000000a0800000, 0x00000000a0800000| Untracked 
| 521|0x00000000a0900000, 0x00000000a0900000, 0x00000000a0a00000|  0%| F|  |TAMS 0x00000000a0900000, 0x00000000a0900000| Untracked 
| 522|0x00000000a0a00000, 0x00000000a0a00000, 0x00000000a0b00000|  0%| F|  |TAMS 0x00000000a0a00000, 0x00000000a0a00000| Untracked 
| 523|0x00000000a0b00000, 0x00000000a0b00000, 0x00000000a0c00000|  0%| F|  |TAMS 0x00000000a0b00000, 0x00000000a0b00000| Untracked 
| 524|0x00000000a0c00000, 0x00000000a0c00000, 0x00000000a0d00000|  0%| F|  |TAMS 0x00000000a0c00000, 0x00000000a0c00000| Untracked 
| 525|0x00000000a0d00000, 0x00000000a0d00000, 0x00000000a0e00000|  0%| F|  |TAMS 0x00000000a0d00000, 0x00000000a0d00000| Untracked 
| 526|0x00000000a0e00000, 0x00000000a0e00000, 0x00000000a0f00000|  0%| F|  |TAMS 0x00000000a0e00000, 0x00000000a0e00000| Untracked 
| 527|0x00000000a0f00000, 0x00000000a0f00000, 0x00000000a1000000|  0%| F|  |TAMS 0x00000000a0f00000, 0x00000000a0f00000| Untracked 
| 528|0x00000000a1000000, 0x00000000a1000000, 0x00000000a1100000|  0%| F|  |TAMS 0x00000000a1000000, 0x00000000a1000000| Untracked 
| 529|0x00000000a1100000, 0x00000000a1100000, 0x00000000a1200000|  0%| F|  |TAMS 0x00000000a1100000, 0x00000000a1100000| Untracked 
| 530|0x00000000a1200000, 0x00000000a1200000, 0x00000000a1300000|  0%| F|  |TAMS 0x00000000a1200000, 0x00000000a1200000| Untracked 
| 531|0x00000000a1300000, 0x00000000a1300000, 0x00000000a1400000|  0%| F|  |TAMS 0x00000000a1300000, 0x00000000a1300000| Untracked 
| 532|0x00000000a1400000, 0x00000000a1400000, 0x00000000a1500000|  0%| F|  |TAMS 0x00000000a1400000, 0x00000000a1400000| Untracked 
| 533|0x00000000a1500000, 0x00000000a1500000, 0x00000000a1600000|  0%| F|  |TAMS 0x00000000a1500000, 0x00000000a1500000| Untracked 
| 534|0x00000000a1600000, 0x00000000a1600000, 0x00000000a1700000|  0%| F|  |TAMS 0x00000000a1600000, 0x00000000a1600000| Untracked 
| 535|0x00000000a1700000, 0x00000000a1700000, 0x00000000a1800000|  0%| F|  |TAMS 0x00000000a1700000, 0x00000000a1700000| Untracked 
| 536|0x00000000a1800000, 0x00000000a1800000, 0x00000000a1900000|  0%| F|  |TAMS 0x00000000a1800000, 0x00000000a1800000| Untracked 
| 537|0x00000000a1900000, 0x00000000a1900000, 0x00000000a1a00000|  0%| F|  |TAMS 0x00000000a1900000, 0x00000000a1900000| Untracked 
| 538|0x00000000a1a00000, 0x00000000a1a00000, 0x00000000a1b00000|  0%| F|  |TAMS 0x00000000a1a00000, 0x00000000a1a00000| Untracked 
| 539|0x00000000a1b00000, 0x00000000a1b00000, 0x00000000a1c00000|  0%| F|  |TAMS 0x00000000a1b00000, 0x00000000a1b00000| Untracked 
| 540|0x00000000a1c00000, 0x00000000a1c00000, 0x00000000a1d00000|  0%| F|  |TAMS 0x00000000a1c00000, 0x00000000a1c00000| Untracked 
| 541|0x00000000a1d00000, 0x00000000a1d00000, 0x00000000a1e00000|  0%| F|  |TAMS 0x00000000a1d00000, 0x00000000a1d00000| Untracked 
| 542|0x00000000a1e00000, 0x00000000a1e00000, 0x00000000a1f00000|  0%| F|  |TAMS 0x00000000a1e00000, 0x00000000a1e00000| Untracked 
| 543|0x00000000a1f00000, 0x00000000a1f00000, 0x00000000a2000000|  0%| F|  |TAMS 0x00000000a1f00000, 0x00000000a1f00000| Untracked 
| 544|0x00000000a2000000, 0x00000000a2000000, 0x00000000a2100000|  0%| F|  |TAMS 0x00000000a2000000, 0x00000000a2000000| Untracked 
| 545|0x00000000a2100000, 0x00000000a2100000, 0x00000000a2200000|  0%| F|  |TAMS 0x00000000a2100000, 0x00000000a2100000| Untracked 
| 546|0x00000000a2200000, 0x00000000a2200000, 0x00000000a2300000|  0%| F|  |TAMS 0x00000000a2200000, 0x00000000a2200000| Untracked 
| 547|0x00000000a2300000, 0x00000000a2300000, 0x00000000a2400000|  0%| F|  |TAMS 0x00000000a2300000, 0x00000000a2300000| Untracked 
| 548|0x00000000a2400000, 0x00000000a2400000, 0x00000000a2500000|  0%| F|  |TAMS 0x00000000a2400000, 0x00000000a2400000| Untracked 
| 549|0x00000000a2500000, 0x00000000a2500000, 0x00000000a2600000|  0%| F|  |TAMS 0x00000000a2500000, 0x00000000a2500000| Untracked 
| 550|0x00000000a2600000, 0x00000000a2600000, 0x00000000a2700000|  0%| F|  |TAMS 0x00000000a2600000, 0x00000000a2600000| Untracked 
| 551|0x00000000a2700000, 0x00000000a2700000, 0x00000000a2800000|  0%| F|  |TAMS 0x00000000a2700000, 0x00000000a2700000| Untracked 
| 552|0x00000000a2800000, 0x00000000a2800000, 0x00000000a2900000|  0%| F|  |TAMS 0x00000000a2800000, 0x00000000a2800000| Untracked 
| 553|0x00000000a2900000, 0x00000000a2900000, 0x00000000a2a00000|  0%| F|  |TAMS 0x00000000a2900000, 0x00000000a2900000| Untracked 
| 554|0x00000000a2a00000, 0x00000000a2a00000, 0x00000000a2b00000|  0%| F|  |TAMS 0x00000000a2a00000, 0x00000000a2a00000| Untracked 
| 555|0x00000000a2b00000, 0x00000000a2b00000, 0x00000000a2c00000|  0%| F|  |TAMS 0x00000000a2b00000, 0x00000000a2b00000| Untracked 
| 556|0x00000000a2c00000, 0x00000000a2c00000, 0x00000000a2d00000|  0%| F|  |TAMS 0x00000000a2c00000, 0x00000000a2c00000| Untracked 
| 557|0x00000000a2d00000, 0x00000000a2d00000, 0x00000000a2e00000|  0%| F|  |TAMS 0x00000000a2d00000, 0x00000000a2d00000| Untracked 
| 558|0x00000000a2e00000, 0x00000000a2e00000, 0x00000000a2f00000|  0%| F|  |TAMS 0x00000000a2e00000, 0x00000000a2e00000| Untracked 
| 559|0x00000000a2f00000, 0x00000000a2f00000, 0x00000000a3000000|  0%| F|  |TAMS 0x00000000a2f00000, 0x00000000a2f00000| Untracked 
| 560|0x00000000a3000000, 0x00000000a3000000, 0x00000000a3100000|  0%| F|  |TAMS 0x00000000a3000000, 0x00000000a3000000| Untracked 
| 561|0x00000000a3100000, 0x00000000a3100000, 0x00000000a3200000|  0%| F|  |TAMS 0x00000000a3100000, 0x00000000a3100000| Untracked 
| 562|0x00000000a3200000, 0x00000000a3200000, 0x00000000a3300000|  0%| F|  |TAMS 0x00000000a3200000, 0x00000000a3200000| Untracked 
| 563|0x00000000a3300000, 0x00000000a3300000, 0x00000000a3400000|  0%| F|  |TAMS 0x00000000a3300000, 0x00000000a3300000| Untracked 
| 564|0x00000000a3400000, 0x00000000a3445e28, 0x00000000a3500000| 27%| E|  |TAMS 0x00000000a3400000, 0x00000000a3400000| Complete 
| 565|0x00000000a3500000, 0x00000000a3600000, 0x00000000a3600000|100%| E|CS|TAMS 0x00000000a3500000, 0x00000000a3500000| Complete 
| 566|0x00000000a3600000, 0x00000000a3700000, 0x00000000a3700000|100%| E|CS|TAMS 0x00000000a3600000, 0x00000000a3600000| Complete 
| 567|0x00000000a3700000, 0x00000000a3800000, 0x00000000a3800000|100%| E|CS|TAMS 0x00000000a3700000, 0x00000000a3700000| Complete 
| 568|0x00000000a3800000, 0x00000000a3900000, 0x00000000a3900000|100%| E|CS|TAMS 0x00000000a3800000, 0x00000000a3800000| Complete 
| 569|0x00000000a3900000, 0x00000000a3a00000, 0x00000000a3a00000|100%| E|CS|TAMS 0x00000000a3900000, 0x00000000a3900000| Complete 
| 570|0x00000000a3a00000, 0x00000000a3b00000, 0x00000000a3b00000|100%| E|CS|TAMS 0x00000000a3a00000, 0x00000000a3a00000| Complete 
| 571|0x00000000a3b00000, 0x00000000a3c00000, 0x00000000a3c00000|100%| E|CS|TAMS 0x00000000a3b00000, 0x00000000a3b00000| Complete 
| 572|0x00000000a3c00000, 0x00000000a3d00000, 0x00000000a3d00000|100%| E|CS|TAMS 0x00000000a3c00000, 0x00000000a3c00000| Complete 
| 573|0x00000000a3d00000, 0x00000000a3e00000, 0x00000000a3e00000|100%| E|CS|TAMS 0x00000000a3d00000, 0x00000000a3d00000| Complete 
| 574|0x00000000a3e00000, 0x00000000a3f00000, 0x00000000a3f00000|100%| E|CS|TAMS 0x00000000a3e00000, 0x00000000a3e00000| Complete 
| 575|0x00000000a3f00000, 0x00000000a4000000, 0x00000000a4000000|100%| E|CS|TAMS 0x00000000a3f00000, 0x00000000a3f00000| Complete 
| 576|0x00000000a4000000, 0x00000000a4100000, 0x00000000a4100000|100%| E|CS|TAMS 0x00000000a4000000, 0x00000000a4000000| Complete 
| 577|0x00000000a4100000, 0x00000000a4200000, 0x00000000a4200000|100%| E|CS|TAMS 0x00000000a4100000, 0x00000000a4100000| Complete 
| 578|0x00000000a4200000, 0x00000000a4300000, 0x00000000a4300000|100%| E|CS|TAMS 0x00000000a4200000, 0x00000000a4200000| Complete 
| 579|0x00000000a4300000, 0x00000000a4400000, 0x00000000a4400000|100%| E|CS|TAMS 0x00000000a4300000, 0x00000000a4300000| Complete 
| 580|0x00000000a4400000, 0x00000000a4500000, 0x00000000a4500000|100%| E|CS|TAMS 0x00000000a4400000, 0x00000000a4400000| Complete 
| 581|0x00000000a4500000, 0x00000000a4600000, 0x00000000a4600000|100%| E|CS|TAMS 0x00000000a4500000, 0x00000000a4500000| Complete 

Card table byte_map: [0x000001add7ae0000,0x000001add7ee0000] _byte_map_base: 0x000001add76e0000

Marking Bits (Prev, Next): (CMBitMap*) 0x000001adbe4bb9f0, (CMBitMap*) 0x000001adbe4bba30
 Prev Bits: [0x000001add82e0000, 0x000001adda2e0000)
 Next Bits: [0x000001adda2e0000, 0x000001addc2e0000)

Polling page: 0x000001adbe8c0000

Metaspace:

Usage:
  Non-class:    122.61 MB used.
      Class:     19.57 MB used.
       Both:    142.18 MB used.

Virtual space:
  Non-class space:      128.00 MB reserved,     124.00 MB ( 97%) committed,  2 nodes.
      Class space:      416.00 MB reserved,      20.88 MB (  5%) committed,  1 nodes.
             Both:      544.00 MB reserved,     144.88 MB ( 27%) committed. 

Chunk freelists:
   Non-Class:  3.76 MB
       Class:  10.95 MB
        Both:  14.71 MB

MaxMetaspaceSize: 512.00 MB
CompressedClassSpaceSize: 416.00 MB
Initial GC threshold: 21.00 MB
Current GC threshold: 237.94 MB
CDS: on
MetaspaceReclaimPolicy: balanced
 - commit_granule_bytes: 65536.
 - commit_granule_words: 8192.
 - virtual_space_node_default_size: 8388608.
 - enlarge_chunks_in_place: 1.
 - new_chunks_are_fully_committed: 0.
 - uncommit_free_chunks: 1.
 - use_allocation_guard: 0.
 - handle_deallocations: 1.


Internal statistics:

num_allocs_failed_limit: 15.
num_arena_births: 4902.
num_arena_deaths: 70.
num_vsnodes_births: 3.
num_vsnodes_deaths: 0.
num_space_committed: 2317.
num_space_uncommitted: 0.
num_chunks_returned_to_freelist: 112.
num_chunks_taken_from_freelist: 12704.
num_chunk_merges: 39.
num_chunk_splits: 7407.
num_chunks_enlarged: 3719.
num_inconsistent_stats: 0.

CodeHeap 'non-profiled nmethods': size=120000Kb used=18337Kb max_used=18337Kb free=101662Kb
 bounds [0x000001adcfe80000, 0x000001add1070000, 0x000001add73b0000]
CodeHeap 'profiled nmethods': size=120000Kb used=42293Kb max_used=42293Kb free=77706Kb
 bounds [0x000001adc83b0000, 0x000001adcad00000, 0x000001adcf8e0000]
CodeHeap 'non-nmethods': size=5760Kb used=1868Kb max_used=1945Kb free=3891Kb
 bounds [0x000001adcf8e0000, 0x000001adcfb50000, 0x000001adcfe80000]
 total_blobs=22303 nmethods=21315 adapters=899
 compilation: enabled
              stopped_count=0, restarted_count=0
 full_count=0

Compilation events (20 events):
Event: 902.709 Thread 0x000001adfe00d870 26326       4       org.gradle.internal.logging.progress.DefaultProgressLoggerFactory$ProgressLoggerImpl::assertNotStarted (63 bytes)
Event: 902.710 Thread 0x000001adfe00d870 nmethod 26326 0x000001add1064810 code [0x000001add10649a0, 0x000001add1064a58]
Event: 902.710 Thread 0x000001adfe02cac0 26327       1       org.gradle.process.internal.DefaultExecHandle::access$100 (5 bytes)
Event: 902.710 Thread 0x000001adfe02cac0 nmethod 26327 0x000001add1064b10 code [0x000001add1064ca0, 0x000001add1064d58]
Event: 902.710 Thread 0x000001adfe02cac0 26328       1       org.gradle.process.internal.DefaultExecHandle::access$200 (5 bytes)
Event: 902.710 Thread 0x000001adfe02cac0 nmethod 26328 0x000001add1064e10 code [0x000001add1064fa0, 0x000001add1065058]
Event: 902.718 Thread 0x000001adfe02cac0 26329       3       org.gradle.api.internal.tasks.execution.ExecuteTaskBuildOperationDetails::getTask (8 bytes)
Event: 902.718 Thread 0x000001adfe02cac0 nmethod 26329 0x000001adcacfc910 code [0x000001adcacfcaa0, 0x000001adcacfcbd8]
Event: 902.732 Thread 0x000001adfe00d870 26330       4       org.gradle.internal.logging.progress.DefaultProgressLoggerFactory$ProgressLoggerImpl::started (191 bytes)
Event: 902.735 Thread 0x000001ad83004570 nmethod 26325 0x000001add1065110 code [0x000001add10653c0, 0x000001add1066818]
Event: 902.736 Thread 0x000001ad83005560 26331       4       org.gradle.internal.operations.BuildOperationProgressEventListenerAdapter::start (53 bytes)
Event: 902.737 Thread 0x000001ad83004570 26332       4       org.gradle.internal.logging.progress.DefaultProgressLoggerFactory::newOperation (93 bytes)
Event: 902.741 Thread 0x000001ad83004570 nmethod 26332 0x000001add1067d90 code [0x000001add1067f20, 0x000001add1068158]
Event: 902.741 Thread 0x000001ad83004570 26333       4       org.gradle.internal.operations.DefaultBuildOperationRunner$BuildOperationTrackingListener::start (53 bytes)
Event: 902.793 Thread 0x000001adfe02cac0 26336       3       org.gradle.internal.vfs.impl.DefaultFileSystemAccess$$Lambda$476/0x000001ade048abd8::get (16 bytes)
Event: 902.793 Thread 0x000001adfe02cac0 nmethod 26336 0x000001adcacfcc90 code [0x000001adcacfce40, 0x000001adcacfcfe8]
Event: 902.793 Thread 0x000001adfe02cac0 26337       3       org.gradle.internal.vfs.impl.DefaultFileSystemAccess::lambda$read$8 (7 bytes)
Event: 902.793 Thread 0x000001adfe02cac0 nmethod 26337 0x000001adcacfd110 code [0x000001adcacfd2a0, 0x000001adcacfd3e8]
Event: 902.795 Thread 0x000001adfe02cac0 26338       1       java.nio.file.FileTreeWalker$DirectoryNode::stream (5 bytes)
Event: 902.795 Thread 0x000001adfe02cac0 nmethod 26338 0x000001add1068290 code [0x000001add1068420, 0x000001add10684f8]

GC Heap History (20 events):
Event: 38.542 GC heap before
{Heap before GC invocations=89 (full 0):
 garbage-first heap   total 417792K, used 368935K [0x0000000080000000, 0x0000000100000000)
  region size 1024K, 33 young (33792K), 4 survivors (4096K)
 Metaspace       used 139554K, committed 142272K, reserved 557056K
  class space    used 19264K, committed 20608K, reserved 425984K
}
Event: 38.546 GC heap after
{Heap after GC invocations=90 (full 0):
 garbage-first heap   total 417792K, used 342012K [0x0000000080000000, 0x0000000100000000)
  region size 1024K, 4 young (4096K), 4 survivors (4096K)
 Metaspace       used 139554K, committed 142272K, reserved 557056K
  class space    used 19264K, committed 20608K, reserved 425984K
}
Event: 38.752 GC heap before
{Heap before GC invocations=90 (full 0):
 garbage-first heap   total 417792K, used 368636K [0x0000000080000000, 0x0000000100000000)
  region size 1024K, 31 young (31744K), 4 survivors (4096K)
 Metaspace       used 140537K, committed 143232K, reserved 557056K
  class space    used 19358K, committed 20672K, reserved 425984K
}
Event: 38.755 GC heap after
{Heap after GC invocations=91 (full 0):
 garbage-first heap   total 417792K, used 342833K [0x0000000080000000, 0x0000000100000000)
  region size 1024K, 3 young (3072K), 3 survivors (3072K)
 Metaspace       used 140537K, committed 143232K, reserved 557056K
  class space    used 19358K, committed 20672K, reserved 425984K
}
Event: 40.270 GC heap before
{Heap before GC invocations=91 (full 0):
 garbage-first heap   total 417792K, used 369457K [0x0000000080000000, 0x0000000100000000)
  region size 1024K, 30 young (30720K), 3 survivors (3072K)
 Metaspace       used 141773K, committed 144512K, reserved 557056K
  class space    used 19501K, committed 20800K, reserved 425984K
}
Event: 40.274 GC heap after
{Heap after GC invocations=92 (full 0):
 garbage-first heap   total 417792K, used 343812K [0x0000000080000000, 0x0000000100000000)
  region size 1024K, 2 young (2048K), 2 survivors (2048K)
 Metaspace       used 141773K, committed 144512K, reserved 557056K
  class space    used 19501K, committed 20800K, reserved 425984K
}
Event: 44.198 GC heap before
{Heap before GC invocations=92 (full 0):
 garbage-first heap   total 417792K, used 370436K [0x0000000080000000, 0x0000000100000000)
  region size 1024K, 29 young (29696K), 2 survivors (2048K)
 Metaspace       used 142226K, committed 144896K, reserved 557056K
  class space    used 19552K, committed 20864K, reserved 425984K
}
Event: 44.201 GC heap after
{Heap after GC invocations=93 (full 0):
 garbage-first heap   total 417792K, used 344863K [0x0000000080000000, 0x0000000100000000)
  region size 1024K, 3 young (3072K), 3 survivors (3072K)
 Metaspace       used 142226K, committed 144896K, reserved 557056K
  class space    used 19552K, committed 20864K, reserved 425984K
}
Event: 45.940 GC heap before
{Heap before GC invocations=93 (full 0):
 garbage-first heap   total 417792K, used 371487K [0x0000000080000000, 0x0000000100000000)
  region size 1024K, 29 young (29696K), 3 survivors (3072K)
 Metaspace       used 142286K, committed 144960K, reserved 557056K
  class space    used 19553K, committed 20864K, reserved 425984K
}
Event: 45.943 GC heap after
{Heap after GC invocations=94 (full 0):
 garbage-first heap   total 417792K, used 345300K [0x0000000080000000, 0x0000000100000000)
  region size 1024K, 2 young (2048K), 2 survivors (2048K)
 Metaspace       used 142286K, committed 144960K, reserved 557056K
  class space    used 19553K, committed 20864K, reserved 425984K
}
Event: 51.826 GC heap before
{Heap before GC invocations=94 (full 0):
 garbage-first heap   total 417792K, used 370900K [0x0000000080000000, 0x0000000100000000)
  region size 1024K, 28 young (28672K), 2 survivors (2048K)
 Metaspace       used 142364K, committed 145024K, reserved 557056K
  class space    used 19555K, committed 20864K, reserved 425984K
}
Event: 51.828 GC heap after
{Heap after GC invocations=95 (full 0):
 garbage-first heap   total 417792K, used 345653K [0x0000000080000000, 0x0000000100000000)
  region size 1024K, 3 young (3072K), 3 survivors (3072K)
 Metaspace       used 142364K, committed 145024K, reserved 557056K
  class space    used 19555K, committed 20864K, reserved 425984K
}
Event: 51.925 GC heap before
{Heap before GC invocations=95 (full 0):
 garbage-first heap   total 417792K, used 364085K [0x0000000080000000, 0x0000000100000000)
  region size 1024K, 23 young (23552K), 3 survivors (3072K)
 Metaspace       used 142451K, committed 145088K, reserved 557056K
  class space    used 19564K, committed 20864K, reserved 425984K
}
Event: 51.928 GC heap after
{Heap after GC invocations=96 (full 0):
 garbage-first heap   total 417792K, used 346512K [0x0000000080000000, 0x0000000100000000)
  region size 1024K, 3 young (3072K), 3 survivors (3072K)
 Metaspace       used 142451K, committed 145088K, reserved 557056K
  class space    used 19564K, committed 20864K, reserved 425984K
}
Event: 54.656 GC heap before
{Heap before GC invocations=97 (full 0):
 garbage-first heap   total 595968K, used 372112K [0x0000000080000000, 0x0000000100000000)
  region size 1024K, 29 young (29696K), 3 survivors (3072K)
 Metaspace       used 143994K, committed 146688K, reserved 557056K
  class space    used 19808K, committed 21120K, reserved 425984K
}
Event: 54.662 GC heap after
{Heap after GC invocations=98 (full 0):
 garbage-first heap   total 595968K, used 348664K [0x0000000080000000, 0x0000000100000000)
  region size 1024K, 4 young (4096K), 4 survivors (4096K)
 Metaspace       used 143994K, committed 146688K, reserved 557056K
  class space    used 19808K, committed 21120K, reserved 425984K
}
Event: 75.133 GC heap before
{Heap before GC invocations=98 (full 0):
 garbage-first heap   total 595968K, used 373240K [0x0000000080000000, 0x0000000100000000)
  region size 1024K, 29 young (29696K), 4 survivors (4096K)
 Metaspace       used 144650K, committed 147392K, reserved 557056K
  class space    used 19920K, committed 21248K, reserved 425984K
}
Event: 75.147 GC heap after
{Heap after GC invocations=99 (full 0):
 garbage-first heap   total 595968K, used 345052K [0x0000000080000000, 0x0000000100000000)
  region size 1024K, 3 young (3072K), 3 survivors (3072K)
 Metaspace       used 144650K, committed 147392K, reserved 557056K
  class space    used 19920K, committed 21248K, reserved 425984K
}
Event: 902.257 GC heap before
{Heap before GC invocations=99 (full 0):
 garbage-first heap   total 595968K, used 510940K [0x0000000080000000, 0x0000000100000000)
  region size 1024K, 166 young (169984K), 3 survivors (3072K)
 Metaspace       used 145455K, committed 148160K, reserved 557056K
  class space    used 20005K, committed 21312K, reserved 425984K
}
Event: 902.271 GC heap after
{Heap after GC invocations=100 (full 0):
 garbage-first heap   total 595968K, used 355737K [0x0000000080000000, 0x0000000100000000)
  region size 1024K, 13 young (13312K), 13 survivors (13312K)
 Metaspace       used 145455K, committed 148160K, reserved 557056K
  class space    used 20005K, committed 21312K, reserved 425984K
}

Dll operation events (15 events):
Event: 0.034 Loaded shared library C:\Program Files\Microsoft\jdk-17\bin\java.dll
Event: 0.071 Loaded shared library C:\Program Files\Microsoft\jdk-17\bin\jsvml.dll
Event: 0.136 Loaded shared library C:\Program Files\Microsoft\jdk-17\bin\zip.dll
Event: 0.142 Loaded shared library C:\Program Files\Microsoft\jdk-17\bin\instrument.dll
Event: 0.147 Loaded shared library C:\Program Files\Microsoft\jdk-17\bin\net.dll
Event: 0.148 Loaded shared library C:\Program Files\Microsoft\jdk-17\bin\nio.dll
Event: 0.151 Loaded shared library C:\Program Files\Microsoft\jdk-17\bin\zip.dll
Event: 0.444 Loaded shared library C:\Program Files\Microsoft\jdk-17\bin\jimage.dll
Event: 0.667 Loaded shared library C:\Program Files\Microsoft\jdk-17\bin\verify.dll
Event: 0.714 Loaded shared library C:\GradleCache\native\660c5614fbf4a5f2a75b1949f50a0caf5cd603558e7d8a26e50b933a0cfb79d1\windows-amd64\native-platform.dll
Event: 0.735 Loaded shared library C:\GradleCache\native\0.2.8\x86_64-windows-gnu\gradle-fileevents.dll
Event: 1.898 Loaded shared library C:\Program Files\Microsoft\jdk-17\bin\management.dll
Event: 1.899 Loaded shared library C:\Program Files\Microsoft\jdk-17\bin\management_ext.dll
Event: 2.030 Loaded shared library C:\Program Files\Microsoft\jdk-17\bin\extnet.dll
Event: 2.238 Loaded shared library C:\Program Files\Microsoft\jdk-17\bin\sunmscapi.dll

Deoptimization events (20 events):
Event: 901.638 Thread 0x000001ad82633650 Uncommon trap: trap_request=0xffffffde fr.pc=0x000001add06cf8c4 relative=0x0000000000001624
Event: 901.638 Thread 0x000001ad82633650 Uncommon trap: reason=class_check action=maybe_recompile pc=0x000001add06cf8c4 method=org.gradle.internal.serialize.graph.BeanPropertyExtensionsKt.readPropertyValue(Lorg/gradle/internal/serialize/graph/ReadContext;Lorg/gradle/internal/configuration/proble
Event: 901.638 Thread 0x000001ad82633650 DEOPT PACKING pc=0x000001add06cf8c4 sp=0x0000008aa40fd320
Event: 901.638 Thread 0x000001ad82633650 DEOPT UNPACKING pc=0x000001adcf9369a3 sp=0x0000008aa40fd2b0 mode 2
Event: 901.638 Thread 0x000001ad82633650 Uncommon trap: trap_request=0xffffffde fr.pc=0x000001add06cf8c4 relative=0x0000000000001624
Event: 901.638 Thread 0x000001ad82633650 Uncommon trap: reason=class_check action=maybe_recompile pc=0x000001add06cf8c4 method=org.gradle.internal.serialize.graph.BeanPropertyExtensionsKt.readPropertyValue(Lorg/gradle/internal/serialize/graph/ReadContext;Lorg/gradle/internal/configuration/proble
Event: 901.638 Thread 0x000001ad82633650 DEOPT PACKING pc=0x000001add06cf8c4 sp=0x0000008aa40fd320
Event: 901.638 Thread 0x000001ad82633650 DEOPT UNPACKING pc=0x000001adcf9369a3 sp=0x0000008aa40fd2b0 mode 2
Event: 901.638 Thread 0x000001ad82633650 Uncommon trap: trap_request=0xffffffde fr.pc=0x000001add06cf8c4 relative=0x0000000000001624
Event: 901.638 Thread 0x000001ad82633650 Uncommon trap: reason=class_check action=maybe_recompile pc=0x000001add06cf8c4 method=org.gradle.internal.serialize.graph.BeanPropertyExtensionsKt.readPropertyValue(Lorg/gradle/internal/serialize/graph/ReadContext;Lorg/gradle/internal/configuration/proble
Event: 901.638 Thread 0x000001ad82633650 DEOPT PACKING pc=0x000001add06cf8c4 sp=0x0000008aa40fd320
Event: 901.638 Thread 0x000001ad82633650 DEOPT UNPACKING pc=0x000001adcf9369a3 sp=0x0000008aa40fd2b0 mode 2
Event: 901.992 Thread 0x000001ad826303b0 Uncommon trap: trap_request=0xffffff6e fr.pc=0x000001add0e3e2dc relative=0x00000000000001bc
Event: 901.992 Thread 0x000001ad826303b0 Uncommon trap: reason=loop_limit_check action=maybe_recompile pc=0x000001add0e3e2dc method=it.unimi.dsi.fastutil.objects.ObjectOpenHashSet$SetIterator.next()Ljava/lang/Object; @ 83 c2
Event: 901.992 Thread 0x000001ad826303b0 DEOPT PACKING pc=0x000001add0e3e2dc sp=0x0000008aa25f9f30
Event: 901.992 Thread 0x000001ad826303b0 DEOPT UNPACKING pc=0x000001adcf9369a3 sp=0x0000008aa25f9ec0 mode 2
Event: 902.081 Thread 0x000001ad8262cc00 DEOPT PACKING pc=0x000001adcaabc029 sp=0x0000008aa26fef60
Event: 902.081 Thread 0x000001ad8262cc00 DEOPT UNPACKING pc=0x000001adcf937143 sp=0x0000008aa26fe400 mode 0
Event: 902.616 Thread 0x000001ad8262cc00 DEOPT PACKING pc=0x000001adcaabc029 sp=0x0000008aa26fef60
Event: 902.616 Thread 0x000001ad8262cc00 DEOPT UNPACKING pc=0x000001adcf937143 sp=0x0000008aa26fe400 mode 0

Classes loaded (20 events):
Event: 52.153 Loading class sun/nio/ch/SocketChannelImpl$DefaultOptionsHolder
Event: 52.153 Loading class sun/nio/ch/SocketChannelImpl$DefaultOptionsHolder done
Event: 53.155 Loading class sun/net/ConnectionResetException
Event: 53.156 Loading class sun/net/ConnectionResetException done
Event: 74.789 Loading class java/util/regex/Pattern$1
Event: 74.789 Loading class java/util/regex/Pattern$1 done
Event: 74.918 Loading class sun/nio/fs/WindowsSecurity$Privilege
Event: 74.918 Loading class sun/nio/fs/WindowsSecurity$Privilege done
Event: 75.257 Loading class java/util/Locale$1
Event: 75.260 Loading class java/util/Locale$1 done
Event: 75.286 Loading class java/util/concurrent/CompletableFuture$AsyncRun
Event: 75.289 Loading class java/util/concurrent/CompletableFuture$AsyncRun done
Event: 900.336 Loading class jdk/internal/math/FormattedFloatingDecimal$Form
Event: 900.337 Loading class jdk/internal/math/FormattedFloatingDecimal$Form done
Event: 900.337 Loading class jdk/internal/math/FormattedFloatingDecimal
Event: 900.338 Loading class jdk/internal/math/FormattedFloatingDecimal done
Event: 900.338 Loading class jdk/internal/math/FormattedFloatingDecimal$1
Event: 900.338 Loading class jdk/internal/math/FormattedFloatingDecimal$1 done
Event: 900.338 Loading class jdk/internal/math/FormattedFloatingDecimal$2
Event: 900.338 Loading class jdk/internal/math/FormattedFloatingDecimal$2 done

Classes unloaded (20 events):
Event: 52.174 Thread 0x000001added59860 Unloading class 0x000001ade1430c00 'java/lang/invoke/LambdaForm$MH+0x000001ade1430c00'
Event: 52.174 Thread 0x000001added59860 Unloading class 0x000001ade1430000 'java/lang/invoke/LambdaForm$MH+0x000001ade1430000'
Event: 52.174 Thread 0x000001added59860 Unloading class 0x000001ade142dc00 'java/lang/invoke/LambdaForm$MH+0x000001ade142dc00'
Event: 52.174 Thread 0x000001added59860 Unloading class 0x000001ade142d800 'java/lang/invoke/LambdaForm$MH+0x000001ade142d800'
Event: 52.174 Thread 0x000001added59860 Unloading class 0x000001ade142cc00 'java/lang/invoke/LambdaForm$MH+0x000001ade142cc00'
Event: 52.174 Thread 0x000001added59860 Unloading class 0x000001ade142d400 'java/lang/invoke/LambdaForm$MH+0x000001ade142d400'
Event: 52.174 Thread 0x000001added59860 Unloading class 0x000001ade142c400 'java/lang/invoke/LambdaForm$MH+0x000001ade142c400'
Event: 52.174 Thread 0x000001added59860 Unloading class 0x000001ade142b800 'java/lang/invoke/LambdaForm$MH+0x000001ade142b800'
Event: 52.174 Thread 0x000001added59860 Unloading class 0x000001ade142bc00 'java/lang/invoke/LambdaForm$MH+0x000001ade142bc00'
Event: 52.174 Thread 0x000001added59860 Unloading class 0x000001ade142ac00 'java/lang/invoke/LambdaForm$MH+0x000001ade142ac00'
Event: 52.174 Thread 0x000001added59860 Unloading class 0x000001ade142a800 'java/lang/invoke/LambdaForm$MH+0x000001ade142a800'
Event: 52.174 Thread 0x000001added59860 Unloading class 0x000001ade142a000 'java/lang/invoke/LambdaForm$MH+0x000001ade142a000'
Event: 52.174 Thread 0x000001added59860 Unloading class 0x000001ade1429c00 'java/lang/invoke/LambdaForm$MH+0x000001ade1429c00'
Event: 52.174 Thread 0x000001added59860 Unloading class 0x000001ade1429800 'java/lang/invoke/LambdaForm$MH+0x000001ade1429800'
Event: 52.174 Thread 0x000001added59860 Unloading class 0x000001ade1429000 'java/lang/invoke/LambdaForm$MH+0x000001ade1429000'
Event: 52.174 Thread 0x000001added59860 Unloading class 0x000001ade1428800 'java/lang/invoke/LambdaForm$MH+0x000001ade1428800'
Event: 52.174 Thread 0x000001added59860 Unloading class 0x000001ade1428400 'java/lang/invoke/LambdaForm$MH+0x000001ade1428400'
Event: 52.174 Thread 0x000001added59860 Unloading class 0x000001ade1425c00 'java/lang/invoke/LambdaForm$MH+0x000001ade1425c00'
Event: 52.174 Thread 0x000001added59860 Unloading class 0x000001ade1425400 'java/lang/invoke/LambdaForm$MH+0x000001ade1425400'
Event: 52.174 Thread 0x000001added59860 Unloading class 0x000001ade1425000 'java/lang/invoke/LambdaForm$MH+0x000001ade1425000'

Classes redefined (0 events):
No events

Internal exceptions (20 events):
Event: 902.274 Thread 0x000001ad8084fab0 Exception <a 'sun/nio/fs/WindowsException'{0x00000000a4537948}> (0x00000000a4537948) 
thrown [s\src\hotspot\share\prims\jni.cpp, line 516]
Event: 902.286 Thread 0x000001ad8084f5a0 Exception <a 'sun/nio/fs/WindowsException'{0x00000000a45f1b78}> (0x00000000a45f1b78) 
thrown [s\src\hotspot\share\prims\jni.cpp, line 516]
Event: 902.297 Thread 0x000001ad8084eb80 Exception <a 'sun/nio/fs/WindowsException'{0x00000000a457e098}> (0x00000000a457e098) 
thrown [s\src\hotspot\share\prims\jni.cpp, line 516]
Event: 902.297 Thread 0x000001ad8084eb80 Exception <a 'sun/nio/fs/WindowsException'{0x00000000a4581568}> (0x00000000a4581568) 
thrown [s\src\hotspot\share\prims\jni.cpp, line 516]
Event: 902.299 Thread 0x000001ad8084eb80 Exception <a 'sun/nio/fs/WindowsException'{0x00000000a440e7d8}> (0x00000000a440e7d8) 
thrown [s\src\hotspot\share\prims\jni.cpp, line 516]
Event: 902.305 Thread 0x000001ad8084f5a0 Exception <a 'sun/nio/fs/WindowsException'{0x00000000a444bcc8}> (0x00000000a444bcc8) 
thrown [s\src\hotspot\share\prims\jni.cpp, line 516]
Event: 902.473 Thread 0x000001ad8084e160 Exception <a 'sun/nio/fs/WindowsException'{0x00000000a4100a50}> (0x00000000a4100a50) 
thrown [s\src\hotspot\share\prims\jni.cpp, line 516]
Event: 902.474 Thread 0x000001ad8084eb80 Exception <a 'sun/nio/fs/WindowsException'{0x00000000a42fb478}> (0x00000000a42fb478) 
thrown [s\src\hotspot\share\prims\jni.cpp, line 516]
Event: 902.519 Thread 0x000001ad8084f5a0 Exception <a 'sun/nio/fs/WindowsException'{0x00000000a3fe5018}> (0x00000000a3fe5018) 
thrown [s\src\hotspot\share\prims\jni.cpp, line 516]
Event: 902.553 Thread 0x000001ad8084eb80 Exception <a 'sun/nio/fs/WindowsException'{0x00000000a3ee4df8}> (0x00000000a3ee4df8) 
thrown [s\src\hotspot\share\prims\jni.cpp, line 516]
Event: 902.554 Thread 0x000001ad8084eb80 Exception <a 'sun/nio/fs/WindowsException'{0x00000000a3ee8f38}> (0x00000000a3ee8f38) 
thrown [s\src\hotspot\share\prims\jni.cpp, line 516]
Event: 902.554 Thread 0x000001ad8084eb80 Exception <a 'sun/nio/fs/WindowsException'{0x00000000a3ef4180}> (0x00000000a3ef4180) 
thrown [s\src\hotspot\share\prims\jni.cpp, line 516]
Event: 902.598 Thread 0x000001ad80849f90 Exception <a 'sun/nio/fs/WindowsException'{0x00000000a3b66790}> (0x00000000a3b66790) 
thrown [s\src\hotspot\share\prims\jni.cpp, line 516]
Event: 902.605 Thread 0x000001ad8084fab0 Exception <a 'sun/nio/fs/WindowsException'{0x00000000a3bcc780}> (0x00000000a3bcc780) 
thrown [s\src\hotspot\share\prims\jni.cpp, line 516]
Event: 902.659 Thread 0x000001ad8084e160 Exception <a 'sun/nio/fs/WindowsException'{0x00000000a3984948}> (0x00000000a3984948) 
thrown [s\src\hotspot\share\prims\jni.cpp, line 516]
Event: 902.671 Thread 0x000001ad8084fab0 Exception <a 'sun/nio/fs/WindowsException'{0x00000000a37099e0}> (0x00000000a37099e0) 
thrown [s\src\hotspot\share\prims\jni.cpp, line 516]
Event: 902.728 Thread 0x000001ad8084e160 Exception <a 'sun/nio/fs/WindowsException'{0x00000000a36abc20}> (0x00000000a36abc20) 
thrown [s\src\hotspot\share\prims\jni.cpp, line 516]
Event: 902.732 Thread 0x000001ad8084e160 Exception <a 'sun/nio/fs/WindowsException'{0x00000000a36afd40}> (0x00000000a36afd40) 
thrown [s\src\hotspot\share\prims\jni.cpp, line 516]
Event: 902.735 Thread 0x000001ad8084e160 Exception <a 'sun/nio/fs/WindowsException'{0x00000000a36eb178}> (0x00000000a36eb178) 
thrown [s\src\hotspot\share\prims\jni.cpp, line 516]
Event: 902.757 Thread 0x000001ad80849f90 Exception <a 'sun/nio/fs/WindowsException'{0x00000000a3543970}> (0x00000000a3543970) 
thrown [s\src\hotspot\share\prims\jni.cpp, line 516]

VM Operations (20 events):
Event: 622.256 Executing VM operation: Cleanup done
Event: 697.773 Executing VM operation: Cleanup
Event: 697.773 Executing VM operation: Cleanup done
Event: 702.814 Executing VM operation: Cleanup
Event: 702.814 Executing VM operation: Cleanup done
Event: 856.799 Executing VM operation: Cleanup
Event: 856.799 Executing VM operation: Cleanup done
Event: 866.879 Executing VM operation: Cleanup
Event: 866.879 Executing VM operation: Cleanup done
Event: 901.102 Executing VM operation: Cleanup
Event: 901.102 Executing VM operation: Cleanup done
Event: 901.736 Executing VM operation: HandshakeAllThreads
Event: 901.758 Executing VM operation: HandshakeAllThreads done
Event: 901.805 Executing VM operation: ICBufferFull
Event: 901.820 Executing VM operation: ICBufferFull done
Event: 901.831 Executing VM operation: HandshakeAllThreads
Event: 901.831 Executing VM operation: HandshakeAllThreads done
Event: 902.257 Executing VM operation: G1CollectForAllocation
Event: 902.271 Executing VM operation: G1CollectForAllocation done
Event: 902.805 Executing VM operation: G1PauseRemark

Memory protections (0 events):
No events

Nmethod flushes (20 events):
Event: 45.773 Thread 0x000001adfe09c380 flushing  nmethod 0x000001adcaa4bc90
Event: 45.773 Thread 0x000001adfe09c380 flushing osr nmethod 0x000001adcaa63a10
Event: 45.773 Thread 0x000001adfe09c380 flushing  nmethod 0x000001adcaa6e190
Event: 45.773 Thread 0x000001adfe09c380 flushing  nmethod 0x000001adcaa77810
Event: 45.773 Thread 0x000001adfe09c380 flushing  nmethod 0x000001adcaa81710
Event: 45.773 Thread 0x000001adfe09c380 flushing  nmethod 0x000001adcaa81b10
Event: 45.773 Thread 0x000001adfe09c380 flushing  nmethod 0x000001adcaa81f10
Event: 45.773 Thread 0x000001adfe09c380 flushing  nmethod 0x000001adcaa82a90
Event: 45.773 Thread 0x000001adfe09c380 flushing  nmethod 0x000001adcaa84f90
Event: 45.773 Thread 0x000001adfe09c380 flushing  nmethod 0x000001adcaa85f10
Event: 45.773 Thread 0x000001adfe09c380 flushing osr nmethod 0x000001adcaa89a90
Event: 45.773 Thread 0x000001adfe09c380 flushing  nmethod 0x000001adcaa8e390
Event: 45.774 Thread 0x000001adfe09c380 flushing  nmethod 0x000001adcaab4f10
Event: 45.774 Thread 0x000001adfe09c380 flushing  nmethod 0x000001adcaab5590
Event: 45.774 Thread 0x000001adfe09c380 flushing  nmethod 0x000001adcaab5a90
Event: 901.764 Thread 0x000001adfe09c380 flushing  nmethod 0x000001add091c210
Event: 901.781 Thread 0x000001adfe09c380 flushing  nmethod 0x000001adc8e48210
Event: 901.783 Thread 0x000001adfe09c380 flushing  nmethod 0x000001adc90d6010
Event: 901.790 Thread 0x000001adfe09c380 flushing  nmethod 0x000001adc97a6690
Event: 901.791 Thread 0x000001adfe09c380 flushing  nmethod 0x000001adc985b190

Events (20 events):
Event: 901.566 Thread 0x000001ad826303b0 Thread added: 0x000001ad8084c810
Event: 901.566 Thread 0x000001ad826303b0 Thread added: 0x000001ad8084cd20
Event: 901.567 Thread 0x000001ad826303b0 Thread added: 0x000001ad80849570
Event: 901.567 Thread 0x000001ad826303b0 Thread added: 0x000001ad8084a9b0
Event: 901.582 Thread 0x000001ad826317f0 Thread exited: 0x000001ad826317f0
Event: 901.996 Thread 0x000001ad826303b0 Thread added: 0x000001ad80849f90
Event: 901.998 Thread 0x000001ad80849f90 Thread added: 0x000001ad8084c300
Event: 901.998 Thread 0x000001ad80849f90 Thread added: 0x000001ad8084a4a0
Event: 901.999 Thread 0x000001ad80849f90 Thread added: 0x000001ad8084e160
Event: 902.004 Thread 0x000001ad80849f90 Thread added: 0x000001ad8084eb80
Event: 902.005 Thread 0x000001ad8084c300 Thread added: 0x000001ad8084f090
Event: 902.005 Thread 0x000001ad80849f90 Thread added: 0x000001ad8084f5a0
Event: 902.005 Thread 0x000001ad80849f90 Thread added: 0x000001ad8084fab0
Event: 902.006 Thread 0x000001ad80849f90 Thread added: 0x000001ad8084ffc0
Event: 902.095 Thread 0x000001ad826312e0 Thread added: 0x000001ad808504d0
Event: 902.095 Thread 0x000001ad826312e0 Thread added: 0x000001ad808509e0
Event: 902.372 Thread 0x000001ad8262ea60 Thread added: 0x000001ad811e0d70
Event: 902.373 Thread 0x000001ad8262ea60 Thread added: 0x000001ad811e1280
Event: 902.711 Thread 0x000001ad8262db30 Thread added: 0x000001ad811df930
Event: 902.711 Thread 0x000001ad8262db30 Thread added: 0x000001ad811e1790


Dynamic libraries:
0x00007ff6c9b20000 - 0x00007ff6c9b2e000 	C:\Program Files\Microsoft\jdk-17\bin\java.exe
0x00007ff905c80000 - 0x00007ff905ee6000 	C:\WINDOWS\SYSTEM32\ntdll.dll
0x00007ff905940000 - 0x00007ff905a09000 	C:\WINDOWS\System32\KERNEL32.DLL
0x00007ff903180000 - 0x00007ff90357a000 	C:\WINDOWS\System32\KERNELBASE.dll
0x00007ff9036c0000 - 0x00007ff90380c000 	C:\WINDOWS\System32\ucrtbase.dll
0x00007ff8b1e40000 - 0x00007ff8b1e57000 	C:\Program Files\Microsoft\jdk-17\bin\jli.dll
0x00007ff904c40000 - 0x00007ff904e07000 	C:\WINDOWS\System32\USER32.dll
0x00007ff8b9970000 - 0x00007ff8b998d000 	C:\Program Files\Microsoft\jdk-17\bin\VCRUNTIME140.dll
0x00007ff903090000 - 0x00007ff9030b7000 	C:\WINDOWS\System32\win32u.dll
0x00007ff904920000 - 0x00007ff90494b000 	C:\WINDOWS\System32\GDI32.dll
0x00007ff903810000 - 0x00007ff90393b000 	C:\WINDOWS\System32\gdi32full.dll
0x00007ff903610000 - 0x00007ff9036b3000 	C:\WINDOWS\System32\msvcp_win.dll
0x00007ff8e9820000 - 0x00007ff8e9ab2000 	C:\WINDOWS\WinSxS\amd64_microsoft.windows.common-controls_6595b64144ccf1df_6.0.26100.8521_none_3e08b75ce33403b3\COMCTL32.dll
0x00007ff903bf0000 - 0x00007ff903c99000 	C:\WINDOWS\System32\msvcrt.dll
0x00007ff903ca0000 - 0x00007ff903cd2000 	C:\WINDOWS\System32\IMM32.DLL
0x00007ff8f1d20000 - 0x00007ff8f1d2c000 	C:\Program Files\Microsoft\jdk-17\bin\vcruntime140_1.dll
0x00007ff86b5b0000 - 0x00007ff86b63d000 	C:\Program Files\Microsoft\jdk-17\bin\msvcp140.dll
0x00007ff8205b0000 - 0x00007ff821221000 	C:\Program Files\Microsoft\jdk-17\bin\server\jvm.dll
0x00007ff903f60000 - 0x00007ff904016000 	C:\WINDOWS\System32\ADVAPI32.dll
0x00007ff904710000 - 0x00007ff9047ba000 	C:\WINDOWS\System32\sechost.dll
0x00007ff903ce0000 - 0x00007ff903df8000 	C:\WINDOWS\System32\RPCRT4.dll
0x00007ff905b30000 - 0x00007ff905bb0000 	C:\WINDOWS\System32\WS2_32.dll
0x00007ff902d70000 - 0x00007ff902dce000 	C:\WINDOWS\SYSTEM32\POWRPROF.dll
0x00007ff8f7980000 - 0x00007ff8f79b6000 	C:\WINDOWS\SYSTEM32\WINMM.dll
0x00007ff8eb520000 - 0x00007ff8eb52b000 	C:\WINDOWS\SYSTEM32\VERSION.dll
0x00007ff902d50000 - 0x00007ff902d64000 	C:\WINDOWS\SYSTEM32\UMPDC.dll
0x00007ff901ca0000 - 0x00007ff901cbb000 	C:\WINDOWS\SYSTEM32\kernel.appcore.dll
0x00007ff8ed070000 - 0x00007ff8ed07a000 	C:\Program Files\Microsoft\jdk-17\bin\jimage.dll
0x00007ff900630000 - 0x00007ff900872000 	C:\WINDOWS\SYSTEM32\DBGHELP.DLL
0x00007ff9055a0000 - 0x00007ff905923000 	C:\WINDOWS\System32\combase.dll
0x00007ff904970000 - 0x00007ff904a49000 	C:\WINDOWS\System32\OLEAUT32.dll
0x00007ff8e6260000 - 0x00007ff8e629b000 	C:\WINDOWS\SYSTEM32\dbgcore.DLL
0x00007ff903940000 - 0x00007ff9039e8000 	C:\WINDOWS\System32\bcryptPrimitives.dll
0x00007ff8cd460000 - 0x00007ff8cd46e000 	C:\Program Files\Microsoft\jdk-17\bin\instrument.dll
0x00007ff894290000 - 0x00007ff8942b5000 	C:\Program Files\Microsoft\jdk-17\bin\java.dll
0x00007ff8689e0000 - 0x00007ff868ab7000 	C:\Program Files\Microsoft\jdk-17\bin\jsvml.dll
0x00007ff904e10000 - 0x00007ff905594000 	C:\WINDOWS\System32\SHELL32.dll
0x00007ff900b00000 - 0x00007ff901380000 	C:\WINDOWS\SYSTEM32\windows.storage.dll
0x00007ff903af0000 - 0x00007ff903be6000 	C:\WINDOWS\System32\SHCORE.dll
0x00007ff903e60000 - 0x00007ff903ec7000 	C:\WINDOWS\System32\shlwapi.dll
0x00007ff902e30000 - 0x00007ff902e59000 	C:\WINDOWS\SYSTEM32\profapi.dll
0x00007ff898450000 - 0x00007ff898468000 	C:\Program Files\Microsoft\jdk-17\bin\zip.dll
0x00007ff899b10000 - 0x00007ff899b2a000 	C:\Program Files\Microsoft\jdk-17\bin\net.dll
0x00007ff8f7740000 - 0x00007ff8f7869000 	C:\WINDOWS\SYSTEM32\WINHTTP.dll
0x00007ff902210000 - 0x00007ff90227c000 	C:\WINDOWS\system32\mswsock.dll
0x00007ff8991d0000 - 0x00007ff8991e6000 	C:\Program Files\Microsoft\jdk-17\bin\nio.dll
0x00007ff8cd470000 - 0x00007ff8cd480000 	C:\Program Files\Microsoft\jdk-17\bin\verify.dll
0x00007ff8c95a0000 - 0x00007ff8c95c7000 	C:\GradleCache\native\660c5614fbf4a5f2a75b1949f50a0caf5cd603558e7d8a26e50b933a0cfb79d1\windows-amd64\native-platform.dll
0x00007ff868af0000 - 0x00007ff868b67000 	C:\GradleCache\native\0.2.8\x86_64-windows-gnu\gradle-fileevents.dll
0x00007ff8e6c10000 - 0x00007ff8e6c1a000 	C:\Program Files\Microsoft\jdk-17\bin\management.dll
0x00007ff8e6c00000 - 0x00007ff8e6c0b000 	C:\Program Files\Microsoft\jdk-17\bin\management_ext.dll
0x00007ff903ed0000 - 0x00007ff903ed8000 	C:\WINDOWS\System32\PSAPI.DLL
0x00007ff901700000 - 0x00007ff901733000 	C:\WINDOWS\SYSTEM32\IPHLPAPI.DLL
0x00007ff904c30000 - 0x00007ff904c3a000 	C:\WINDOWS\System32\NSI.dll
0x00007ff8f7960000 - 0x00007ff8f797d000 	C:\WINDOWS\SYSTEM32\dhcpcsvc6.DLL
0x00007ff8f7930000 - 0x00007ff8f7955000 	C:\WINDOWS\SYSTEM32\dhcpcsvc.DLL
0x00007ff9017a0000 - 0x00007ff9018ea000 	C:\WINDOWS\SYSTEM32\DNSAPI.dll
0x00007ff902030000 - 0x00007ff90203d000 	C:\WINDOWS\SYSTEM32\DSPARSE.dll
0x00007ff8cd570000 - 0x00007ff8cd579000 	C:\Program Files\Microsoft\jdk-17\bin\extnet.dll
0x00007ff9024f0000 - 0x00007ff90250b000 	C:\WINDOWS\SYSTEM32\CRYPTSP.dll
0x00007ff901c00000 - 0x00007ff901c39000 	C:\WINDOWS\system32\rsaenh.dll
0x00007ff9022c0000 - 0x00007ff9022f3000 	C:\WINDOWS\SYSTEM32\USERENV.dll
0x00007ff902e00000 - 0x00007ff902e2a000 	C:\WINDOWS\SYSTEM32\bcrypt.dll
0x00007ff902510000 - 0x00007ff90251c000 	C:\WINDOWS\SYSTEM32\CRYPTBASE.dll
0x00007ff8cdc90000 - 0x00007ff8cdc9e000 	C:\Program Files\Microsoft\jdk-17\bin\sunmscapi.dll
0x00007ff902f10000 - 0x00007ff903088000 	C:\WINDOWS\System32\CRYPT32.dll
0x00007ff902710000 - 0x00007ff902740000 	C:\WINDOWS\SYSTEM32\ncrypt.dll
0x00007ff9026c0000 - 0x00007ff9026ff000 	C:\WINDOWS\SYSTEM32\NTASN1.dll
0x00007ff8c83a0000 - 0x00007ff8c83a8000 	C:\WINDOWS\system32\wshunix.dll
0x00000000751a0000 - 0x00000000751c6000 	C:\Program Files\Bonjour\mdnsNSP.dll
0x00007ff8f67c0000 - 0x00007ff8f67cb000 	C:\Windows\System32\rasadhlp.dll
0x00007ff8f9b40000 - 0x00007ff8f9bc6000 	C:\WINDOWS\System32\fwpuclnt.dll
0x00007ff901dc0000 - 0x00007ff901df6000 	C:\WINDOWS\SYSTEM32\ntmarta.dll

dbghelp: loaded successfully - version: 4.0.5 - missing functions: none
symbol engine: initialized successfully - sym options: 0x614 - pdb path: .;C:\Program Files\Microsoft\jdk-17\bin;C:\WINDOWS\SYSTEM32;C:\WINDOWS\WinSxS\amd64_microsoft.windows.common-controls_6595b64144ccf1df_6.0.26100.8521_none_3e08b75ce33403b3;C:\Program Files\Microsoft\jdk-17\bin\server;C:\GradleCache\native\660c5614fbf4a5f2a75b1949f50a0caf5cd603558e7d8a26e50b933a0cfb79d1\windows-amd64;C:\GradleCache\native\0.2.8\x86_64-windows-gnu;C:\Program Files\Bonjour

VM Arguments:
jvm_args: --add-opens=java.base/java.lang=ALL-UNNAMED --add-opens=java.base/java.lang.invoke=ALL-UNNAMED --add-opens=java.base/java.util=ALL-UNNAMED --add-opens=java.prefs/java.util.prefs=ALL-UNNAMED --add-exports=jdk.compiler/com.sun.tools.javac.api=ALL-UNNAMED --add-exports=jdk.compiler/com.sun.tools.javac.util=ALL-UNNAMED --add-opens=java.base/java.util=ALL-UNNAMED --add-opens=java.prefs/java.util.prefs=ALL-UNNAMED --add-opens=java.base/java.nio.charset=ALL-UNNAMED --add-opens=java.base/java.net=ALL-UNNAMED --add-opens=java.base/java.util.concurrent=ALL-UNNAMED --add-opens=java.base/java.util.concurrent.atomic=ALL-UNNAMED --add-opens=java.xml/javax.xml.namespace=ALL-UNNAMED --add-opens=java.base/java.time=ALL-UNNAMED -XX:MaxMetaspaceSize=512m -Xmx2g -Dfile.encoding=windows-1252 -Duser.country=IN -Duser.language=en -Duser.variant -javaagent:C:\GradleCache\wrapper\dists\gradle-9.3.1-bin\23ovyewtku6u96viwx3xl3oks\gradle-9.3.1\lib\agents\gradle-instrumentation-agent-9.3.1.jar 
java_command: org.gradle.launcher.daemon.bootstrap.GradleDaemon 9.3.1
java_class_path (initial): C:\GradleCache\wrapper\dists\gradle-9.3.1-bin\23ovyewtku6u96viwx3xl3oks\gradle-9.3.1\lib\gradle-daemon-main-9.3.1.jar
Launcher Type: SUN_STANDARD

[Global flags]
     intx CICompilerCount                          = 4                                         {product} {ergonomic}
   size_t CompressedClassSpaceSize                 = 436207616                                 {product} {ergonomic}
     uint ConcGCThreads                            = 2                                         {product} {ergonomic}
     uint G1ConcRefinementThreads                  = 8                                         {product} {ergonomic}
   size_t G1HeapRegionSize                         = 1048576                                   {product} {ergonomic}
    uintx GCDrainStackTargetSize                   = 64                                        {product} {ergonomic}
   size_t InitialHeapSize                          = 264241152                                 {product} {ergonomic}
   size_t MarkStackSize                            = 4194304                                   {product} {ergonomic}
   size_t MaxHeapSize                              = 2147483648                                {product} {command line}
   size_t MaxMetaspaceSize                         = 536870912                                 {product} {command line}
   size_t MaxNewSize                               = 1287651328                                {product} {ergonomic}
   size_t MinHeapDeltaBytes                        = 1048576                                   {product} {ergonomic}
   size_t MinHeapSize                              = 8388608                                   {product} {ergonomic}
    uintx NonNMethodCodeHeapSize                   = 5839372                                {pd product} {ergonomic}
    uintx NonProfiledCodeHeapSize                  = 122909434                              {pd product} {ergonomic}
    uintx ProfiledCodeHeapSize                     = 122909434                              {pd product} {ergonomic}
    uintx ReservedCodeCacheSize                    = 251658240                              {pd product} {ergonomic}
     bool SegmentedCodeCache                       = true                                      {product} {ergonomic}
   size_t SoftMaxHeapSize                          = 2147483648                             {manageable} {ergonomic}
     bool UseCompressedClassPointers               = true                           {product lp64_product} {ergonomic}
     bool UseCompressedOops                        = true                           {product lp64_product} {ergonomic}
     bool UseG1GC                                  = true                                      {product} {ergonomic}
     bool UseLargePagesIndividualAllocation        = false                                  {pd product} {ergonomic}

Logging:
Log output configuration:
 #0: stdout all=warning uptime,level,tags
 #1: stderr all=off uptime,level,tags

Environment Variables:
JAVA_HOME=C:\Program Files\Microsoft\jdk-17
PATH=D:\Sakshi\Ludo-Frontend\node_modules\.bin;D:\Sakshi\Ludo-Frontend\node_modules\.bin;D:\Sakshi\node_modules\.bin;D:\node_modules\.bin;C:\Users\shail\AppData\Roaming\npm\node_modules\npm\node_modules\@npmcli\run-script\lib\node-gyp-bin;c:\Users\shail\AppData\Roaming\Code\User\globalStorage\github.copilot-chat\debugCommand;c:\Users\shail\AppData\Roaming\Code\User\globalStorage\github.copilot-chat\copilotCli;C:\Users\shail\AppData\Local\Programs\Microsoft VS Code;C:\Program Files\Microsoft\jdk-17.0.12.7-hotspot\bin;C:\Python312\Scripts\;C:\Python312\;C:\WINDOWS\system32;C:\WINDOWS;C:\WINDOWS\System32\Wbem;C:\WINDOWS\System32\WindowsPowerShell\v1.0\;C:\WINDOWS\System32\OpenSSH\;C:\ProgramData\chocolatey\bin;C:\Program Files\Git\cmd;C:\Program Files\Git\bin;C:\Users\shail\AppData\Local\Android\Sdk\platform-tools;C:\Users\shail\AppData\Local\Android\Sdk\tools;C:\Users\shail\AppData\Local\Android\Sdk\cmdline-tools\latest\bin;D:\Gaurav_work\RxplFrontend\Rxpl\android;C:\Program Files\Microsoft\jdk-17\bin;C:\Program Files\Microsoft\jdk-17\bin;C:\Program Files\;C:\gradle-8.12.1\bin;C:\Program Files\nodejs\;C:\Program Files\MySQL\MySQL Server 9.6\bin;c:\Users\shail\AppData\Local\Programs\cursor\resources\app\codeBin;C:\Users\shail\AppData\Local\jdk-20\bin;C:\Users\shail\AppData\Local\Android\Sdk\tools;C:\Users\shail\AppData\Local\Microsoft\WindowsApps;C:\Users\shail\AppData\Local\Programs\Microsoft VS Code\bin;C:\Users\shail\Downloads\ffmpeg-master-latest-win64-gpl-shared\ffmpeg-master-latest-win64-gpl-shared\bin;D:\FlutterLearn\flutter\bin;C:\Users\shail\AppData\Local\Programs\cursor\resources\app\bin;C:\Users\shail\AppData\Local\Microsoft\WinGet\Packages\magic-wormhole.magic-wormhole_Microsoft.Winget.Source_8wekyb3d8bbwe;C:\Users\shail\AppData\Roaming\npm
USERNAME=shail
LANG=en_US.UTF-8
OS=Windows_NT
PROCESSOR_IDENTIFIER=Intel64 Family 6 Model 154 Stepping 4, GenuineIntel
TMP=C:\Users\shail\AppData\Local\Temp
TEMP=C:\Users\shail\AppData\Local\Temp



Periodic native trim disabled


---------------  S Y S T E M  ---------------

OS:
 Windows 11 , 64 bit Build 26100 (10.0.26100.8521)
OS uptime: 3 days 0:04 hours

CPU: total 8 (initial active 8) (4 cores per cpu, 2 threads per core) family 6 model 154 stepping 4 microcode 0x42c, cx8, cmov, fxsr, ht, mmx, 3dnowpref, sse, sse2, sse3, ssse3, sse4.1, sse4.2, popcnt, lzcnt, tsc, tscinvbit, avx, avx2, aes, erms, clmul, bmi1, bmi2, adx, sha, fma, vzeroupper, clflush, clflushopt, clwb
Processor Information for processor 0
  Max Mhz: 1200, Current Mhz: 1200, Mhz Limit: 1200
Processor Information for processor 1
  Max Mhz: 1200, Current Mhz: 1200, Mhz Limit: 1200
Processor Information for processor 2
  Max Mhz: 1200, Current Mhz: 1200, Mhz Limit: 1200
Processor Information for processor 3
  Max Mhz: 1200, Current Mhz: 1200, Mhz Limit: 1200
Processor Information for processor 4
  Max Mhz: 1200, Current Mhz: 900, Mhz Limit: 900
Processor Information for processor 5
  Max Mhz: 1200, Current Mhz: 900, Mhz Limit: 900
Processor Information for processor 6
  Max Mhz: 1200, Current Mhz: 900, Mhz Limit: 900
Processor Information for processor 7
  Max Mhz: 1200, Current Mhz: 900, Mhz Limit: 900

Memory: 4k page, system-wide physical 16069M (2276M free)
TotalPageFile size 22197M (AvailPageFile size 6M)
current process WorkingSet (physical memory assigned to process): 912M, peak: 915M
current process commit charge ("private bytes"): 1073M, peak: 1101M

vm_info: OpenJDK 64-Bit Server VM (17.0.13+11-LTS) for windows-amd64 JRE (17.0.13+11-LTS), built on Oct 11 2024 23:25:05 by "MicrosoftCorporation" with unknown MS VC++:1939

END.
