#
# There is insufficient memory for the Java Runtime Environment to continue.
# Native memory allocation (mmap) failed to map 463470592 bytes. Error detail: G1 virtual space
# Possible reasons:
#   The system is out of physical RAM or swap space
#   This process is running with CompressedOops enabled, and the Java Heap may be blocking the growth of the native heap
# Possible solutions:
#   Reduce memory load on the system
#   Increase physical memory or swap space
#   Check if swap backing store is full
#   Decrease Java heap size (-Xmx/-Xms)
#   Decrease number of Java threads
#   Decrease Java thread stack sizes (-Xss)
#   Set larger code cache with -XX:ReservedCodeCacheSize=
#   JVM is running with Unscaled Compressed Oops mode in which the Java heap is
#     placed in the first 4GB address space. The Java Heap base address is the
#     maximum limit for the native heap growth. Please use -XX:HeapBaseMinAddress
#     to set the Java Heap base and to place the Java Heap above 4GB virtual address.
# This output file may be truncated or incomplete.
#
#  Out of Memory Error (os_windows.cpp:3679), pid=26220, tid=16944
#
# JRE version: OpenJDK Runtime Environment Microsoft-10376486 (17.0.13+11) (build 17.0.13+11-LTS)
# Java VM: OpenJDK 64-Bit Server VM Microsoft-10376486 (17.0.13+11-LTS, mixed mode, sharing, tiered, compressed oops, compressed class ptrs, g1 gc, windows-amd64)
# No core dump will be written. Minidumps are not enabled by default on client versions of Windows
#

---------------  S U M M A R Y ------------

Command Line: --add-opens=java.base/java.lang=ALL-UNNAMED --add-opens=java.base/java.lang.invoke=ALL-UNNAMED --add-opens=java.base/java.util=ALL-UNNAMED --add-opens=java.prefs/java.util.prefs=ALL-UNNAMED --add-exports=jdk.compiler/com.sun.tools.javac.api=ALL-UNNAMED --add-exports=jdk.compiler/com.sun.tools.javac.util=ALL-UNNAMED --add-opens=java.base/java.util=ALL-UNNAMED --add-opens=java.prefs/java.util.prefs=ALL-UNNAMED --add-opens=java.base/java.nio.charset=ALL-UNNAMED --add-opens=java.base/java.net=ALL-UNNAMED --add-opens=java.base/java.util.concurrent=ALL-UNNAMED --add-opens=java.base/java.util.concurrent.atomic=ALL-UNNAMED --add-opens=java.xml/javax.xml.namespace=ALL-UNNAMED --add-opens=java.base/java.time=ALL-UNNAMED -XX:MaxMetaspaceSize=512m -Xmx2g -Dfile.encoding=windows-1252 -Duser.country=IN -Duser.language=en -Duser.variant -javaagent:C:\GradleCache\wrapper\dists\gradle-9.3.1-bin\23ovyewtku6u96viwx3xl3oks\gradle-9.3.1\lib\agents\gradle-instrumentation-agent-9.3.1.jar org.gradle.launcher.daemon.bootstrap.GradleDaemon 9.3.1

Host: 12th Gen Intel(R) Core(TM) i3-1215U, 8 cores, 15G,  Windows 11 , 64 bit Build 26100 (10.0.26100.8521)
Time: Tue Jun  2 13:21:10 2026 India Standard Time elapsed time: 17.179433 seconds (0d 0h 0m 17s)

---------------  T H R E A D  ---------------

Current thread (0x000001e5437e7710):  VMThread "VM Thread" [stack: 0x00000087c5300000,0x00000087c5400000] [id=16944]

Stack: [0x00000087c5300000,0x00000087c5400000]
Native frames: (J=compiled Java code, j=interpreted, Vv=VM code, C=native code)
V  [jvm.dll+0x687fc9]
V  [jvm.dll+0x83eeb8]
V  [jvm.dll+0x840963]
V  [jvm.dll+0x840fd3]
V  [jvm.dll+0x24951f]
V  [jvm.dll+0x684f89]
V  [jvm.dll+0x6794aa]
V  [jvm.dll+0x30ad27]
V  [jvm.dll+0x312296]
V  [jvm.dll+0x362bde]
V  [jvm.dll+0x362e1d]
V  [jvm.dll+0x2e1fbc]
V  [jvm.dll+0x2e0369]
V  [jvm.dll+0x2dfacc]
V  [jvm.dll+0x32267b]
V  [jvm.dll+0x84580d]
V  [jvm.dll+0x846543]
V  [jvm.dll+0x846a6f]
V  [jvm.dll+0x846e54]
V  [jvm.dll+0x846f1e]
V  [jvm.dll+0x7eea6c]
V  [jvm.dll+0x686ea7]
C  [ucrtbase.dll+0x2cd30]
C  [KERNEL32.DLL+0x2e957]
C  [ntdll.dll+0x87c1c]

VM_Operation (0x00000087c74feaa0): G1CollectForAllocation, mode: safepoint, requested by thread 0x000001e564b65aa0


---------------  P R O C E S S  ---------------

Threads class SMR info:
_java_thread_list=0x000001e5682de720, length=151, elements={
0x000001e5252edb20, 0x000001e5437f1090, 0x000001e5437f1a60, 0x000001e543804630,
0x000001e543804f00, 0x000001e5438057d0, 0x000001e543806840, 0x000001e543807440,
0x000001e54380da00, 0x000001e54380fac0, 0x000001e5437d6970, 0x000001e5439cd320,
0x000001e543af8980, 0x000001e564a1d830, 0x000001e56439b4e0, 0x000001e56332cc50,
0x000001e5644c3e90, 0x000001e5644c4370, 0x000001e563e87030, 0x000001e564b65fb0,
0x000001e564b664c0, 0x000001e564b68320, 0x000001e564b673f0, 0x000001e564b67900,
0x000001e564b65590, 0x000001e564b65aa0, 0x000001e564b669d0, 0x000001e564b66ee0,
0x000001e564b67e10, 0x000001e564b65080, 0x000001e56849c060, 0x000001e56849ca80,
0x000001e56849b640, 0x000001e56849a710, 0x000001e56849ac20, 0x000001e56849b130,
0x000001e56849cf90, 0x000001e5684997e0, 0x000001e56849d4a0, 0x000001e56849d9b0,
0x000001e56849a200, 0x000001e5684a0c50, 0x000001e56849e8e0, 0x000001e56849edf0,
0x000001e5684a0740, 0x000001e56849fd20, 0x000001e56849f300, 0x000001e56849dec0,
0x000001e5684a0230, 0x000001e56849e3d0, 0x000001e564b68830, 0x000001e569a07df0,
0x000001e569a064a0, 0x000001e569a069b0, 0x000001e569a06ec0, 0x000001e569a073d0,
0x000001e569a078e0, 0x000001e569a08810, 0x000001e569a05570, 0x000001e569a05a80,
0x000001e569a08300, 0x000001e569a05060, 0x000001e569a08d20, 0x000001e569a09230,
0x000001e569a0ab80, 0x000001e569a09740, 0x000001e569a0b090, 0x000001e569a0c4d0,
0x000001e569a0c9e0, 0x000001e569a09c50, 0x000001e569a0a160, 0x000001e5655de4f0,
0x000001e5655dd5c0, 0x000001e5655df930, 0x000001e5655dfe40, 0x000001e5655df420,
0x000001e5655dcba0, 0x000001e5655e0350, 0x000001e5655def10, 0x000001e5655e0860,
0x000001e5655dea00, 0x000001e5655dd0b0, 0x000001e5655e0d70, 0x000001e5655ddad0,
0x000001e5655e1280, 0x000001e5655e1790, 0x000001e5655ddfe0, 0x000001e5655e26c0,
0x000001e5655e30e0, 0x000001e5655e2bd0, 0x000001e5655e1ca0, 0x000001e5655e3b00,
0x000001e5655e21b0, 0x000001e5655e35f0, 0x000001e5655e4010, 0x000001e5655e4520,
0x000001e569b7eee0, 0x000001e569b7f3f0, 0x000001e569b7dfb0, 0x000001e569b7f900,
0x000001e569b7fe10, 0x000001e569b7e4c0, 0x000001e569b7e9d0, 0x000001e569b80320,
0x000001e569b7d590, 0x000001e569b80830, 0x000001e569b80d40, 0x000001e569b83fe0,
0x000001e569b81250, 0x000001e569b835c0, 0x000001e569b82ba0, 0x000001e569b82690,
0x000001e569b83ad0, 0x000001e569b81760, 0x000001e569b830b0, 0x000001e569b84a00,
0x000001e569b81c70, 0x000001e569b84f10, 0x000001e569b82180, 0x000001e56916a400,
0x000001e569168090, 0x000001e5691685a0, 0x000001e56916a910, 0x000001e569168fc0,
0x000001e56916ae20, 0x000001e569167b80, 0x000001e569167670, 0x000001e5691694d0,
0x000001e56916b330, 0x000001e569169ef0, 0x000001e56916b840, 0x000001e56916bd50,
0x000001e569168ab0, 0x000001e56916cc80, 0x000001e56916c260, 0x000001e56916c770,
0x000001e56916d190, 0x000001e56916dbb0, 0x000001e56916e0c0, 0x000001e56916e5d0,
0x000001e56916eae0, 0x000001e569bc0490, 0x000001e569bc09a0, 0x000001e569bbe630,
0x000001e569bbfa70, 0x000001e569bc18d0, 0x000001e569bbf050, 0x000001e569cfc160,
0x000001e569bc5080, 0x000001e5691699e0, 0x000001e56f1b5340
}

Java Threads: ( => current thread )
  0x000001e5252edb20 JavaThread "main" [_thread_blocked, id=27548, stack(0x00000087c4d00000,0x00000087c4e00000)]
  0x000001e5437f1090 JavaThread "Reference Handler" daemon [_thread_blocked, id=3324, stack(0x00000087c5400000,0x00000087c5500000)]
  0x000001e5437f1a60 JavaThread "Finalizer" daemon [_thread_blocked, id=23128, stack(0x00000087c5500000,0x00000087c5600000)]
  0x000001e543804630 JavaThread "Signal Dispatcher" daemon [_thread_blocked, id=14368, stack(0x00000087c5600000,0x00000087c5700000)]
  0x000001e543804f00 JavaThread "Attach Listener" daemon [_thread_blocked, id=2700, stack(0x00000087c5700000,0x00000087c5800000)]
  0x000001e5438057d0 JavaThread "Service Thread" daemon [_thread_blocked, id=5152, stack(0x00000087c5800000,0x00000087c5900000)]
  0x000001e543806840 JavaThread "Monitor Deflation Thread" daemon [_thread_blocked, id=27324, stack(0x00000087c5900000,0x00000087c5a00000)]
  0x000001e543807440 JavaThread "C2 CompilerThread0" daemon [_thread_blocked, id=21096, stack(0x00000087c5a00000,0x00000087c5b00000)]
  0x000001e54380da00 JavaThread "C1 CompilerThread0" daemon [_thread_blocked, id=1392, stack(0x00000087c5b00000,0x00000087c5c00000)]
  0x000001e54380fac0 JavaThread "Sweeper thread" daemon [_thread_blocked, id=24268, stack(0x00000087c5c00000,0x00000087c5d00000)]
  0x000001e5437d6970 JavaThread "Common-Cleaner" daemon [_thread_blocked, id=22196, stack(0x00000087c5d00000,0x00000087c5e00000)]
  0x000001e5439cd320 JavaThread "Notification Thread" daemon [_thread_blocked, id=12304, stack(0x00000087c5e00000,0x00000087c5f00000)]
  0x000001e543af8980 JavaThread "C2 CompilerThread1" daemon [_thread_blocked, id=26900, stack(0x00000087c6000000,0x00000087c6100000)]
  0x000001e564a1d830 JavaThread "Daemon health stats" [_thread_blocked, id=30316, stack(0x00000087c6800000,0x00000087c6900000)]
  0x000001e56439b4e0 JavaThread "Incoming local TCP Connector on port 65037" [_thread_in_native, id=30852, stack(0x00000087c6900000,0x00000087c6a00000)]
  0x000001e56332cc50 JavaThread "Daemon periodic checks" [_thread_blocked, id=9596, stack(0x00000087c6a00000,0x00000087c6b00000)]
  0x000001e5644c3e90 JavaThread "Daemon" [_thread_blocked, id=22336, stack(0x00000087c6b00000,0x00000087c6c00000)]
  0x000001e5644c4370 JavaThread "Handler for socket connection from /127.0.0.1:65037 to /127.0.0.1:65038" [_thread_in_native, id=17344, stack(0x00000087c6c00000,0x00000087c6d00000)]
  0x000001e563e87030 JavaThread "Cancel handler" [_thread_blocked, id=4656, stack(0x00000087c6d00000,0x00000087c6e00000)]
  0x000001e564b65fb0 JavaThread "Daemon worker" [_thread_blocked, id=26196, stack(0x00000087c6e00000,0x00000087c6f00000)]
  0x000001e564b664c0 JavaThread "Asynchronous log dispatcher for DefaultDaemonConnection: socket connection from /127.0.0.1:65037 to /127.0.0.1:65038" [_thread_blocked, id=21940, stack(0x00000087c6f00000,0x00000087c7000000)]
  0x000001e564b68320 JavaThread "Stdin handler" [_thread_blocked, id=1436, stack(0x00000087c7000000,0x00000087c7100000)]
  0x000001e564b673f0 JavaThread "Daemon client event forwarder" [_thread_blocked, id=13740, stack(0x00000087c7100000,0x00000087c7200000)]
  0x000001e564b67900 JavaThread "Cache worker for journal cache (C:\GradleCache\caches\journal-1)" [_thread_blocked, id=4784, stack(0x00000087c7200000,0x00000087c7300000)]
  0x000001e564b65590 JavaThread "File lock request listener" [_thread_in_native, id=10720, stack(0x00000087c7300000,0x00000087c7400000)]
  0x000001e564b65aa0 JavaThread "Cache worker for file hash cache (C:\GradleCache\caches\9.3.1\fileHashes)" [_thread_blocked, id=13500, stack(0x00000087c7400000,0x00000087c7500000)]
  0x000001e564b669d0 JavaThread "Cache worker for file hash cache (D:\Sakshi\Ludo-Frontend\android\.gradle\9.3.1\fileHashes)" [_thread_blocked, id=14820, stack(0x00000087c7700000,0x00000087c7800000)]
  0x000001e564b66ee0 JavaThread "Cache worker for checksums cache (D:\Sakshi\Ludo-Frontend\android\.gradle\9.3.1\checksums)" [_thread_blocked, id=16096, stack(0x00000087c7800000,0x00000087c7900000)]
  0x000001e564b67e10 JavaThread "Cache worker for Build Output Cleanup Cache (D:\Sakshi\Ludo-Frontend\android\.gradle\buildOutputCleanup)" [_thread_blocked, id=25676, stack(0x00000087c7900000,0x00000087c7a00000)]
  0x000001e564b65080 JavaThread "Cache worker for file content cache (C:\GradleCache\caches\9.3.1\fileContent)" [_thread_blocked, id=11808, stack(0x00000087c7a00000,0x00000087c7b00000)]
  0x000001e56849c060 JavaThread "File watcher server" daemon [_thread_blocked, id=29172, stack(0x00000087c7c00000,0x00000087c7d00000)]
  0x000001e56849ca80 JavaThread "File watcher consumer" daemon [_thread_blocked, id=30024, stack(0x00000087c7d00000,0x00000087c7e00000)]
  0x000001e56849b640 JavaThread "Cache worker for cache directory md-supplier (C:\GradleCache\caches\9.3.1\md-supplier)" [_thread_blocked, id=1784, stack(0x00000087c7e00000,0x00000087c7f00000)]
  0x000001e56849a710 JavaThread "Cache worker for cache directory md-rule (C:\GradleCache\caches\9.3.1\md-rule)" [_thread_blocked, id=26484, stack(0x00000087c7f00000,0x00000087c8000000)]
  0x000001e56849ac20 JavaThread "jar transforms" [_thread_blocked, id=11800, stack(0x00000087c8000000,0x00000087c8100000)]
  0x000001e56849b130 JavaThread "Cache worker for Build Output Cleanup Cache (D:\Sakshi\Ludo-Frontend\node_modules\@react-native\gradle-plugin\.gradle\buildOutputCleanup)" [_thread_blocked, id=35748, stack(0x00000087c8100000,0x00000087c8200000)]
  0x000001e56849cf90 JavaThread "Unconstrained build operations" [_thread_blocked, id=32060, stack(0x00000087c8200000,0x00000087c8300000)]
  0x000001e5684997e0 JavaThread "Unconstrained build operations Thread 2" [_thread_blocked, id=9676, stack(0x00000087c8300000,0x00000087c8400000)]
  0x000001e56849d4a0 JavaThread "Unconstrained build operations Thread 3" [_thread_blocked, id=6776, stack(0x00000087c8400000,0x00000087c8500000)]
  0x000001e56849d9b0 JavaThread "Unconstrained build operations Thread 4" [_thread_blocked, id=11700, stack(0x00000087c8500000,0x00000087c8600000)]
  0x000001e56849a200 JavaThread "Unconstrained build operations Thread 5" [_thread_blocked, id=14036, stack(0x00000087c8600000,0x00000087c8700000)]
  0x000001e5684a0c50 JavaThread "Unconstrained build operations Thread 6" [_thread_blocked, id=10984, stack(0x00000087c8700000,0x00000087c8800000)]
  0x000001e56849e8e0 JavaThread "Configuration cache report writer" [_thread_blocked, id=11872, stack(0x00000087c8800000,0x00000087c8900000)]
  0x000001e56849edf0 JavaThread "Unconstrained build operations Thread 7" [_thread_blocked, id=5456, stack(0x00000087c8900000,0x00000087c8a00000)]
  0x000001e5684a0740 JavaThread "Unconstrained build operations Thread 8" [_thread_blocked, id=33012, stack(0x00000087c8a00000,0x00000087c8b00000)]
  0x000001e56849fd20 JavaThread "Unconstrained build operations Thread 9" [_thread_blocked, id=19160, stack(0x00000087c8b00000,0x00000087c8c00000)]
  0x000001e56849f300 JavaThread "Unconstrained build operations Thread 10" [_thread_blocked, id=25188, stack(0x00000087c8c00000,0x00000087c8d00000)]
  0x000001e56849dec0 JavaThread "Unconstrained build operations Thread 11" [_thread_blocked, id=32588, stack(0x00000087c8d00000,0x00000087c8e00000)]
  0x000001e5684a0230 JavaThread "Unconstrained build operations Thread 12" [_thread_blocked, id=16464, stack(0x00000087c8e00000,0x00000087c8f00000)]
  0x000001e56849e3d0 JavaThread "Unconstrained build operations Thread 13" [_thread_blocked, id=24652, stack(0x00000087c8f00000,0x00000087c9000000)]
  0x000001e564b68830 JavaThread "Unconstrained build operations Thread 14" [_thread_blocked, id=26388, stack(0x00000087c9000000,0x00000087c9100000)]
  0x000001e569a07df0 JavaThread "Unconstrained build operations Thread 15" [_thread_blocked, id=31092, stack(0x00000087c9100000,0x00000087c9200000)]
  0x000001e569a064a0 JavaThread "Unconstrained build operations Thread 16" [_thread_blocked, id=14184, stack(0x00000087c9200000,0x00000087c9300000)]
  0x000001e569a069b0 JavaThread "Unconstrained build operations Thread 17" [_thread_blocked, id=5264, stack(0x00000087c9300000,0x00000087c9400000)]
  0x000001e569a06ec0 JavaThread "Unconstrained build operations Thread 18" [_thread_blocked, id=7632, stack(0x00000087c9400000,0x00000087c9500000)]
  0x000001e569a073d0 JavaThread "Unconstrained build operations Thread 19" [_thread_blocked, id=14308, stack(0x00000087c9500000,0x00000087c9600000)]
  0x000001e569a078e0 JavaThread "Unconstrained build operations Thread 20" [_thread_blocked, id=1792, stack(0x00000087c9600000,0x00000087c9700000)]
  0x000001e569a08810 JavaThread "Unconstrained build operations Thread 21" [_thread_blocked, id=2712, stack(0x00000087c9700000,0x00000087c9800000)]
  0x000001e569a05570 JavaThread "Unconstrained build operations Thread 22" [_thread_blocked, id=21284, stack(0x00000087c9800000,0x00000087c9900000)]
  0x000001e569a05a80 JavaThread "Unconstrained build operations Thread 23" [_thread_blocked, id=6140, stack(0x00000087c9900000,0x00000087c9a00000)]
  0x000001e569a08300 JavaThread "Unconstrained build operations Thread 24" [_thread_blocked, id=13196, stack(0x00000087c9a00000,0x00000087c9b00000)]
  0x000001e569a05060 JavaThread "Unconstrained build operations Thread 25" [_thread_blocked, id=31420, stack(0x00000087c9b00000,0x00000087c9c00000)]
  0x000001e569a08d20 JavaThread "Unconstrained build operations Thread 26" [_thread_blocked, id=10252, stack(0x00000087c9c00000,0x00000087c9d00000)]
  0x000001e569a09230 JavaThread "Unconstrained build operations Thread 27" [_thread_blocked, id=21236, stack(0x00000087c9d00000,0x00000087c9e00000)]
  0x000001e569a0ab80 JavaThread "build event listener" [_thread_blocked, id=11344, stack(0x00000087c9e00000,0x00000087c9f00000)]
  0x000001e569a09740 JavaThread "Memory manager" [_thread_blocked, id=13556, stack(0x00000087c6100000,0x00000087c6200000)]
  0x000001e569a0b090 JavaThread "Problems report writer" [_thread_blocked, id=25864, stack(0x00000087c9f00000,0x00000087ca000000)]
  0x000001e569a0c4d0 JavaThread "ForkJoinPool.commonPool-worker-1" daemon [_thread_blocked, id=33820, stack(0x00000087ca100000,0x00000087ca200000)]
  0x000001e569a0c9e0 JavaThread "ForkJoinPool.commonPool-worker-2" daemon [_thread_blocked, id=30076, stack(0x00000087ca200000,0x00000087ca300000)]
  0x000001e569a09c50 JavaThread "ForkJoinPool.commonPool-worker-3" daemon [_thread_blocked, id=21744, stack(0x00000087ca300000,0x00000087ca400000)]
  0x000001e569a0a160 JavaThread "ForkJoinPool.commonPool-worker-5" daemon [_thread_blocked, id=32188, stack(0x00000087ca400000,0x00000087ca500000)]
  0x000001e5655de4f0 JavaThread "ForkJoinPool.commonPool-worker-4" daemon [_thread_blocked, id=33488, stack(0x00000087ca500000,0x00000087ca600000)]
  0x000001e5655dd5c0 JavaThread "ForkJoinPool.commonPool-worker-6" daemon [_thread_blocked, id=6892, stack(0x00000087ca600000,0x00000087ca700000)]
  0x000001e5655df930 JavaThread "ForkJoinPool.commonPool-worker-7" daemon [_thread_blocked, id=27576, stack(0x00000087ca700000,0x00000087ca800000)]
  0x000001e5655dfe40 JavaThread "Exec process" [_thread_blocked, id=16536, stack(0x00000087ca800000,0x00000087ca900000)]
  0x000001e5655df420 JavaThread "Exec process Thread 2" [_thread_blocked, id=13820, stack(0x00000087ca900000,0x00000087caa00000)]
  0x000001e5655dcba0 JavaThread "Exec process Thread 3" [_thread_blocked, id=13832, stack(0x00000087caa00000,0x00000087cab00000)]
  0x000001e5655e0350 JavaThread "included builds" [_thread_blocked, id=25496, stack(0x00000087cab00000,0x00000087cac00000)]
  0x000001e5655def10 JavaThread "Execution worker" [_thread_blocked, id=13888, stack(0x00000087cac00000,0x00000087cad00000)]
  0x000001e5655e0860 JavaThread "Execution worker Thread 2" [_thread_blocked, id=14504, stack(0x00000087cad00000,0x00000087cae00000)]
  0x000001e5655dea00 JavaThread "Execution worker Thread 3" [_thread_blocked, id=32836, stack(0x00000087cae00000,0x00000087caf00000)]
  0x000001e5655dd0b0 JavaThread "Execution worker Thread 4" [_thread_blocked, id=10808, stack(0x00000087caf00000,0x00000087cb000000)]
  0x000001e5655e0d70 JavaThread "Execution worker Thread 5" [_thread_blocked, id=13472, stack(0x00000087cb000000,0x00000087cb100000)]
  0x000001e5655ddad0 JavaThread "Execution worker Thread 6" [_thread_blocked, id=3492, stack(0x00000087cb100000,0x00000087cb200000)]
  0x000001e5655e1280 JavaThread "Execution worker Thread 7" [_thread_blocked, id=15020, stack(0x00000087cb200000,0x00000087cb300000)]
  0x000001e5655e1790 JavaThread "Cache worker for execution history cache (D:\Sakshi\Ludo-Frontend\node_modules\@react-native\gradle-plugin\.gradle\9.3.1\executionHistory)" [_thread_blocked, id=35728, stack(0x00000087cb300000,0x00000087cb400000)]
  0x000001e5655ddfe0 JavaThread "Unconstrained build operations Thread 28" [_thread_blocked, id=12820, stack(0x00000087cb400000,0x00000087cb500000)]
  0x000001e5655e26c0 JavaThread "Unconstrained build operations Thread 29" [_thread_blocked, id=35384, stack(0x00000087cb500000,0x00000087cb600000)]
  0x000001e5655e30e0 JavaThread "Unconstrained build operations Thread 30" [_thread_blocked, id=30556, stack(0x00000087cb600000,0x00000087cb700000)]
  0x000001e5655e2bd0 JavaThread "Unconstrained build operations Thread 31" [_thread_blocked, id=35180, stack(0x00000087cb700000,0x00000087cb800000)]
  0x000001e5655e1ca0 JavaThread "Unconstrained build operations Thread 32" [_thread_blocked, id=9840, stack(0x00000087cb800000,0x00000087cb900000)]
  0x000001e5655e3b00 JavaThread "Unconstrained build operations Thread 33" [_thread_blocked, id=29124, stack(0x00000087cb900000,0x00000087cba00000)]
  0x000001e5655e21b0 JavaThread "Unconstrained build operations Thread 34" [_thread_blocked, id=27172, stack(0x00000087cba00000,0x00000087cbb00000)]
  0x000001e5655e35f0 JavaThread "Unconstrained build operations Thread 35" [_thread_blocked, id=5768, stack(0x00000087cbb00000,0x00000087cbc00000)]
  0x000001e5655e4010 JavaThread "Unconstrained build operations Thread 36" [_thread_blocked, id=18328, stack(0x00000087cbc00000,0x00000087cbd00000)]
  0x000001e5655e4520 JavaThread "Unconstrained build operations Thread 37" [_thread_blocked, id=31680, stack(0x00000087cbd00000,0x00000087cbe00000)]
  0x000001e569b7eee0 JavaThread "Unconstrained build operations Thread 38" [_thread_blocked, id=25792, stack(0x00000087cbe00000,0x00000087cbf00000)]
  0x000001e569b7f3f0 JavaThread "Unconstrained build operations Thread 39" [_thread_blocked, id=21304, stack(0x00000087cbf00000,0x00000087cc000000)]
  0x000001e569b7dfb0 JavaThread "Unconstrained build operations Thread 40" [_thread_blocked, id=17896, stack(0x00000087cc000000,0x00000087cc100000)]
  0x000001e569b7f900 JavaThread "Unconstrained build operations Thread 41" [_thread_blocked, id=5240, stack(0x00000087cc100000,0x00000087cc200000)]
  0x000001e569b7fe10 JavaThread "Unconstrained build operations Thread 42" [_thread_blocked, id=29008, stack(0x00000087cc200000,0x00000087cc300000)]
  0x000001e569b7e4c0 JavaThread "Unconstrained build operations Thread 43" [_thread_blocked, id=31696, stack(0x00000087cc300000,0x00000087cc400000)]
  0x000001e569b7e9d0 JavaThread "Unconstrained build operations Thread 44" [_thread_blocked, id=20084, stack(0x00000087cc400000,0x00000087cc500000)]
  0x000001e569b80320 JavaThread "Unconstrained build operations Thread 45" [_thread_blocked, id=31344, stack(0x00000087cc500000,0x00000087cc600000)]
  0x000001e569b7d590 JavaThread "Unconstrained build operations Thread 46" [_thread_blocked, id=19120, stack(0x00000087cc600000,0x00000087cc700000)]
  0x000001e569b80830 JavaThread "Unconstrained build operations Thread 47" [_thread_blocked, id=6252, stack(0x00000087cc700000,0x00000087cc800000)]
  0x000001e569b80d40 JavaThread "Unconstrained build operations Thread 48" [_thread_blocked, id=23508, stack(0x00000087cc800000,0x00000087cc900000)]
  0x000001e569b83fe0 JavaThread "Unconstrained build operations Thread 49" [_thread_blocked, id=8916, stack(0x00000087cc900000,0x00000087cca00000)]
  0x000001e569b81250 JavaThread "Unconstrained build operations Thread 50" [_thread_blocked, id=30648, stack(0x00000087cca00000,0x00000087ccb00000)]
  0x000001e569b835c0 JavaThread "Unconstrained build operations Thread 51" [_thread_blocked, id=35604, stack(0x00000087ccb00000,0x00000087ccc00000)]
  0x000001e569b82ba0 JavaThread "Unconstrained build operations Thread 52" [_thread_blocked, id=19468, stack(0x00000087ccc00000,0x00000087ccd00000)]
  0x000001e569b82690 JavaThread "Unconstrained build operations Thread 53" [_thread_blocked, id=9632, stack(0x00000087ccd00000,0x00000087cce00000)]
  0x000001e569b83ad0 JavaThread "Unconstrained build operations Thread 54" [_thread_blocked, id=16412, stack(0x00000087cce00000,0x00000087ccf00000)]
  0x000001e569b81760 JavaThread "Unconstrained build operations Thread 55" [_thread_blocked, id=1160, stack(0x00000087ccf00000,0x00000087cd000000)]
  0x000001e569b830b0 JavaThread "Unconstrained build operations Thread 56" [_thread_blocked, id=34756, stack(0x00000087cd000000,0x00000087cd100000)]
  0x000001e569b84a00 JavaThread "Unconstrained build operations Thread 57" [_thread_blocked, id=32256, stack(0x00000087cd100000,0x00000087cd200000)]
  0x000001e569b81c70 JavaThread "Unconstrained build operations Thread 58" [_thread_blocked, id=26512, stack(0x00000087cd200000,0x00000087cd300000)]
  0x000001e569b84f10 JavaThread "Unconstrained build operations Thread 59" [_thread_blocked, id=29924, stack(0x00000087cd300000,0x00000087cd400000)]
  0x000001e569b82180 JavaThread "Unconstrained build operations Thread 60" [_thread_blocked, id=15068, stack(0x00000087cd400000,0x00000087cd500000)]
  0x000001e56916a400 JavaThread "Unconstrained build operations Thread 61" [_thread_blocked, id=22436, stack(0x00000087cd500000,0x00000087cd600000)]
  0x000001e569168090 JavaThread "Unconstrained build operations Thread 62" [_thread_blocked, id=18956, stack(0x00000087cd600000,0x00000087cd700000)]
  0x000001e5691685a0 JavaThread "Unconstrained build operations Thread 63" [_thread_blocked, id=3164, stack(0x00000087cd700000,0x00000087cd800000)]
  0x000001e56916a910 JavaThread "Unconstrained build operations Thread 64" [_thread_blocked, id=17084, stack(0x00000087cd800000,0x00000087cd900000)]
  0x000001e569168fc0 JavaThread "Unconstrained build operations Thread 65" [_thread_blocked, id=30052, stack(0x00000087cd900000,0x00000087cda00000)]
  0x000001e56916ae20 JavaThread "Unconstrained build operations Thread 66" [_thread_blocked, id=32704, stack(0x00000087cda00000,0x00000087cdb00000)]
  0x000001e569167b80 JavaThread "Unconstrained build operations Thread 67" [_thread_blocked, id=30868, stack(0x00000087cdb00000,0x00000087cdc00000)]
  0x000001e569167670 JavaThread "Unconstrained build operations Thread 68" [_thread_blocked, id=30848, stack(0x00000087cdc00000,0x00000087cdd00000)]
  0x000001e5691694d0 JavaThread "Unconstrained build operations Thread 69" [_thread_blocked, id=35044, stack(0x00000087cdd00000,0x00000087cde00000)]
  0x000001e56916b330 JavaThread "Unconstrained build operations Thread 70" [_thread_blocked, id=17700, stack(0x00000087cde00000,0x00000087cdf00000)]
  0x000001e569169ef0 JavaThread "Unconstrained build operations Thread 71" [_thread_blocked, id=25296, stack(0x00000087cdf00000,0x00000087ce000000)]
  0x000001e56916b840 JavaThread "Unconstrained build operations Thread 72" [_thread_blocked, id=25700, stack(0x00000087ce000000,0x00000087ce100000)]
  0x000001e56916bd50 JavaThread "Unconstrained build operations Thread 73" [_thread_blocked, id=19644, stack(0x00000087ce100000,0x00000087ce200000)]
  0x000001e569168ab0 JavaThread "Unconstrained build operations Thread 74" [_thread_blocked, id=30364, stack(0x00000087ce200000,0x00000087ce300000)]
  0x000001e56916cc80 JavaThread "Unconstrained build operations Thread 75" [_thread_blocked, id=6908, stack(0x00000087ce300000,0x00000087ce400000)]
  0x000001e56916c260 JavaThread "Unconstrained build operations Thread 76" [_thread_blocked, id=22892, stack(0x00000087ce400000,0x00000087ce500000)]
  0x000001e56916c770 JavaThread "Unconstrained build operations Thread 77" [_thread_blocked, id=21628, stack(0x00000087ce500000,0x00000087ce600000)]
  0x000001e56916d190 JavaThread "jar transforms Thread 2" [_thread_blocked, id=7672, stack(0x00000087ce600000,0x00000087ce700000)]
  0x000001e56916dbb0 JavaThread "jar transforms Thread 3" [_thread_blocked, id=5136, stack(0x00000087ce700000,0x00000087ce800000)]
  0x000001e56916e0c0 JavaThread "Unconstrained build operations Thread 78" [_thread_blocked, id=33236, stack(0x00000087ce800000,0x00000087ce900000)]
  0x000001e56916e5d0 JavaThread "Unconstrained build operations Thread 79" [_thread_blocked, id=35328, stack(0x00000087ce900000,0x00000087cea00000)]
  0x000001e56916eae0 JavaThread "Unconstrained build operations Thread 80" [_thread_blocked, id=20936, stack(0x00000087cea00000,0x00000087ceb00000)]
  0x000001e569bc0490 JavaThread "jar transforms Thread 4" [_thread_blocked, id=34260, stack(0x00000087ceb00000,0x00000087cec00000)]
  0x000001e569bc09a0 JavaThread "jar transforms Thread 5" [_thread_blocked, id=8180, stack(0x00000087cec00000,0x00000087ced00000)]
  0x000001e569bbe630 JavaThread "jar transforms Thread 6" [_thread_blocked, id=3596, stack(0x00000087ced00000,0x00000087cee00000)]
  0x000001e569bbfa70 JavaThread "build event listener" [_thread_blocked, id=33996, stack(0x00000087cee00000,0x00000087cef00000)]
  0x000001e569bc18d0 JavaThread "jar transforms Thread 7" [_thread_blocked, id=11340, stack(0x00000087cef00000,0x00000087cf000000)]
  0x000001e569bbf050 JavaThread "jar transforms Thread 8" [_thread_blocked, id=23764, stack(0x00000087cf000000,0x00000087cf100000)]
  0x000001e569cfc160 JavaThread "C2 CompilerThread2" daemon [_thread_blocked, id=30992, stack(0x00000087ca000000,0x00000087ca100000)]
  0x000001e569bc5080 JavaThread "Exec process" [_thread_blocked, id=29948, stack(0x00000087cf100000,0x00000087cf200000)]
  0x000001e5691699e0 JavaThread "Exec process Thread 2" [_thread_blocked, id=2784, stack(0x00000087cf200000,0x00000087cf300000)]
  0x000001e56f1b5340 JavaThread "Exec process Thread 3" [_thread_blocked, id=16908, stack(0x00000087cf300000,0x00000087cf400000)]

Other Threads:
=>0x000001e5437e7710 VMThread "VM Thread" [stack: 0x00000087c5300000,0x00000087c5400000] [id=16944]
  0x000001e5252ee8b0 WatcherThread [stack: 0x00000087c5f00000,0x00000087c6000000] [id=35784]
  0x000001e52534cb40 GCTaskThread "GC Thread#0" [stack: 0x00000087c4e00000,0x00000087c4f00000] [id=28220]
  0x000001e56319c870 GCTaskThread "GC Thread#1" [stack: 0x00000087c6200000,0x00000087c6300000] [id=25988]
  0x000001e543af8570 GCTaskThread "GC Thread#2" [stack: 0x00000087c6300000,0x00000087c6400000] [id=16268]
  0x000001e563264ef0 GCTaskThread "GC Thread#3" [stack: 0x00000087c6400000,0x00000087c6500000] [id=23720]
  0x000001e563058080 GCTaskThread "GC Thread#4" [stack: 0x00000087c6500000,0x00000087c6600000] [id=27688]
  0x000001e563058340 GCTaskThread "GC Thread#5" [stack: 0x00000087c6600000,0x00000087c6700000] [id=25936]
  0x000001e5647e49c0 GCTaskThread "GC Thread#6" [stack: 0x00000087c6700000,0x00000087c6800000] [id=26092]
  0x000001e567728510 GCTaskThread "GC Thread#7" [stack: 0x00000087c7500000,0x00000087c7600000] [id=7624]
  0x000001e52535e670 ConcurrentGCThread "G1 Main Marker" [stack: 0x00000087c4f00000,0x00000087c5000000] [id=17288]
  0x000001e52535f5b0 ConcurrentGCThread "G1 Conc#0" [stack: 0x00000087c5000000,0x00000087c5100000] [id=4504]
  0x000001e5677292d0 ConcurrentGCThread "G1 Conc#1" [stack: 0x00000087c7600000,0x00000087c7700000] [id=29996]
  0x000001e52539e830 ConcurrentGCThread "G1 Refine#0" [stack: 0x00000087c5100000,0x00000087c5200000] [id=3352]
  0x000001e564e73fd0 ConcurrentGCThread "G1 Refine#1" [stack: 0x00000087c7b00000,0x00000087c7c00000] [id=9572]
  0x000001e54368f2f0 ConcurrentGCThread "G1 Service" [stack: 0x00000087c5200000,0x00000087c5300000] [id=10076]

Threads with active compile tasks:
C2 CompilerThread2    17191 16175       4       java.net.URLStreamHandler::parseURL (1201 bytes)

VM state: at safepoint (normal execution)

VM Mutex/Monitor currently owned by a thread:  ([mutex/lock_event])
[0x000001e5252e9730] Threads_lock - owner thread: 0x000001e5437e7710
[0x000001e5252e9c40] Heap_lock - owner thread: 0x000001e564b65aa0

Heap address: 0x0000000080000000, size: 2048 MB, Compressed Oops mode: 32-bit

CDS archive(s) mapped at: [0x000001e544000000-0x000001e544bb0000-0x000001e544bb0000), size 12255232, SharedBaseAddress: 0x000001e544000000, ArchiveRelocationMode: 1.
Compressed class space mapped at: 0x000001e545000000-0x000001e55f000000, reserved size: 436207616
Narrow klass base: 0x000001e544000000, Narrow klass shift: 0, Narrow klass range: 0x100000000

GC Precious Log:
 CPUs: 8 total, 8 available
 Memory: 16069M
 Large Page Support: Disabled
 NUMA Support: Disabled
 Compressed Oops: Enabled (32-bit)
 Heap Region Size: 1M
 Heap Min Capacity: 8M
 Heap Initial Capacity: 252M
 Heap Max Capacity: 2G
 Pre-touch: Disabled
 Parallel Workers: 8
 Concurrent Workers: 2
 Concurrent Refinement Workers: 8
 Periodic GC: Disabled

Heap:
 garbage-first heap   total 265216K, used 162645K [0x0000000080000000, 0x0000000100000000)
  region size 1024K, 5 young (5120K), 5 survivors (5120K)
 Metaspace       used 111303K, committed 112896K, reserved 557056K
  class space    used 15627K, committed 16384K, reserved 425984K

Heap Regions: E=young(eden), S=young(survivor), O=old, HS=humongous(starts), HC=humongous(continues), CS=collection set, F=free, OA=open archive, CA=closed archive, TAMS=top-at-mark-start (previous, next)
|   0|0x0000000080000000, 0x0000000080100000, 0x0000000080100000|100%|HS|  |TAMS 0x0000000080100000, 0x0000000080000000| Complete 
|   1|0x0000000080100000, 0x0000000080200000, 0x0000000080200000|100%|HC|  |TAMS 0x0000000080200000, 0x0000000080100000| Complete 
|   2|0x0000000080200000, 0x0000000080300000, 0x0000000080300000|100%|HC|  |TAMS 0x0000000080300000, 0x0000000080200000| Complete 
|   3|0x0000000080300000, 0x0000000080400000, 0x0000000080400000|100%|HC|  |TAMS 0x0000000080400000, 0x0000000080300000| Complete 
|   4|0x0000000080400000, 0x0000000080500000, 0x0000000080500000|100%| O|  |TAMS 0x0000000080500000, 0x0000000080400000| Untracked 
|   5|0x0000000080500000, 0x0000000080600000, 0x0000000080600000|100%| O|  |TAMS 0x0000000080600000, 0x0000000080500000| Untracked 
|   6|0x0000000080600000, 0x0000000080700000, 0x0000000080700000|100%| O|  |TAMS 0x0000000080700000, 0x0000000080600000| Untracked 
|   7|0x0000000080700000, 0x0000000080800000, 0x0000000080800000|100%|HS|  |TAMS 0x0000000080800000, 0x0000000080700000| Complete 
|   8|0x0000000080800000, 0x0000000080900000, 0x0000000080900000|100%| O|  |TAMS 0x0000000080900000, 0x0000000080800000| Untracked 
|   9|0x0000000080900000, 0x0000000080a00000, 0x0000000080a00000|100%| O|  |TAMS 0x0000000080a00000, 0x0000000080900000| Untracked 
|  10|0x0000000080a00000, 0x0000000080b00000, 0x0000000080b00000|100%| O|  |TAMS 0x0000000080b00000, 0x0000000080a00000| Untracked 
|  11|0x0000000080b00000, 0x0000000080c00000, 0x0000000080c00000|100%| O|  |TAMS 0x0000000080c00000, 0x0000000080b00000| Untracked 
|  12|0x0000000080c00000, 0x0000000080d00000, 0x0000000080d00000|100%| O|  |TAMS 0x0000000080d00000, 0x0000000080c00000| Untracked 
|  13|0x0000000080d00000, 0x0000000080e00000, 0x0000000080e00000|100%| O|  |TAMS 0x0000000080e00000, 0x0000000080d00000| Untracked 
|  14|0x0000000080e00000, 0x0000000080f00000, 0x0000000080f00000|100%| O|  |TAMS 0x0000000080f00000, 0x0000000080e00000| Untracked 
|  15|0x0000000080f00000, 0x0000000081000000, 0x0000000081000000|100%| O|  |TAMS 0x0000000081000000, 0x0000000080f00000| Untracked 
|  16|0x0000000081000000, 0x0000000081100000, 0x0000000081100000|100%| O|  |TAMS 0x0000000081100000, 0x0000000081000000| Untracked 
|  17|0x0000000081100000, 0x0000000081200000, 0x0000000081200000|100%| O|  |TAMS 0x0000000081200000, 0x0000000081100000| Untracked 
|  18|0x0000000081200000, 0x0000000081300000, 0x0000000081300000|100%| O|  |TAMS 0x0000000081300000, 0x0000000081200000| Untracked 
|  19|0x0000000081300000, 0x0000000081400000, 0x0000000081400000|100%| O|  |TAMS 0x0000000081400000, 0x0000000081300000| Untracked 
|  20|0x0000000081400000, 0x0000000081500000, 0x0000000081500000|100%| O|  |TAMS 0x0000000081500000, 0x0000000081400000| Untracked 
|  21|0x0000000081500000, 0x0000000081600000, 0x0000000081600000|100%| O|  |TAMS 0x0000000081600000, 0x0000000081500000| Untracked 
|  22|0x0000000081600000, 0x0000000081700000, 0x0000000081700000|100%| O|  |TAMS 0x0000000081700000, 0x0000000081600000| Untracked 
|  23|0x0000000081700000, 0x0000000081800000, 0x0000000081800000|100%| O|  |TAMS 0x0000000081800000, 0x0000000081700000| Untracked 
|  24|0x0000000081800000, 0x0000000081900000, 0x0000000081900000|100%| O|  |TAMS 0x0000000081900000, 0x0000000081800000| Untracked 
|  25|0x0000000081900000, 0x0000000081a00000, 0x0000000081a00000|100%| O|  |TAMS 0x0000000081a00000, 0x0000000081900000| Untracked 
|  26|0x0000000081a00000, 0x0000000081b00000, 0x0000000081b00000|100%| O|  |TAMS 0x0000000081b00000, 0x0000000081a00000| Untracked 
|  27|0x0000000081b00000, 0x0000000081c00000, 0x0000000081c00000|100%| O|  |TAMS 0x0000000081c00000, 0x0000000081b00000| Untracked 
|  28|0x0000000081c00000, 0x0000000081d00000, 0x0000000081d00000|100%| O|  |TAMS 0x0000000081d00000, 0x0000000081c00000| Untracked 
|  29|0x0000000081d00000, 0x0000000081e00000, 0x0000000081e00000|100%| O|  |TAMS 0x0000000081e00000, 0x0000000081d00000| Untracked 
|  30|0x0000000081e00000, 0x0000000081f00000, 0x0000000081f00000|100%| O|  |TAMS 0x0000000081f00000, 0x0000000081e00000| Untracked 
|  31|0x0000000081f00000, 0x0000000082000000, 0x0000000082000000|100%| O|  |TAMS 0x0000000082000000, 0x0000000081f00000| Untracked 
|  32|0x0000000082000000, 0x0000000082100000, 0x0000000082100000|100%| O|  |TAMS 0x0000000082100000, 0x0000000082000000| Untracked 
|  33|0x0000000082100000, 0x0000000082200000, 0x0000000082200000|100%| O|  |TAMS 0x0000000082200000, 0x0000000082100000| Untracked 
|  34|0x0000000082200000, 0x0000000082300000, 0x0000000082300000|100%| O|  |TAMS 0x0000000082300000, 0x0000000082200000| Untracked 
|  35|0x0000000082300000, 0x0000000082400000, 0x0000000082400000|100%|HS|  |TAMS 0x0000000082400000, 0x0000000082300000| Complete 
|  36|0x0000000082400000, 0x0000000082500000, 0x0000000082500000|100%|HC|  |TAMS 0x0000000082500000, 0x0000000082400000| Complete 
|  37|0x0000000082500000, 0x0000000082600000, 0x0000000082600000|100%|HC|  |TAMS 0x0000000082600000, 0x0000000082500000| Complete 
|  38|0x0000000082600000, 0x0000000082700000, 0x0000000082700000|100%|HS|  |TAMS 0x0000000082700000, 0x0000000082600000| Complete 
|  39|0x0000000082700000, 0x0000000082800000, 0x0000000082800000|100%|HC|  |TAMS 0x0000000082800000, 0x0000000082700000| Complete 
|  40|0x0000000082800000, 0x0000000082900000, 0x0000000082900000|100%|HC|  |TAMS 0x0000000082900000, 0x0000000082800000| Complete 
|  41|0x0000000082900000, 0x0000000082a00000, 0x0000000082a00000|100%| O|  |TAMS 0x0000000082a00000, 0x0000000082900000| Untracked 
|  42|0x0000000082a00000, 0x0000000082b00000, 0x0000000082b00000|100%| O|  |TAMS 0x0000000082b00000, 0x0000000082a00000| Untracked 
|  43|0x0000000082b00000, 0x0000000082c00000, 0x0000000082c00000|100%| O|  |TAMS 0x0000000082c00000, 0x0000000082b00000| Untracked 
|  44|0x0000000082c00000, 0x0000000082d00000, 0x0000000082d00000|100%| O|  |TAMS 0x0000000082d00000, 0x0000000082c00000| Untracked 
|  45|0x0000000082d00000, 0x0000000082e00000, 0x0000000082e00000|100%| O|  |TAMS 0x0000000082e00000, 0x0000000082d00000| Untracked 
|  46|0x0000000082e00000, 0x0000000082f00000, 0x0000000082f00000|100%| O|  |TAMS 0x0000000082f00000, 0x0000000082e00000| Untracked 
|  47|0x0000000082f00000, 0x0000000083000000, 0x0000000083000000|100%| O|  |TAMS 0x0000000083000000, 0x0000000082f00000| Untracked 
|  48|0x0000000083000000, 0x0000000083100000, 0x0000000083100000|100%| O|  |TAMS 0x0000000083100000, 0x0000000083000000| Untracked 
|  49|0x0000000083100000, 0x0000000083200000, 0x0000000083200000|100%| O|  |TAMS 0x0000000083200000, 0x0000000083100000| Untracked 
|  50|0x0000000083200000, 0x0000000083300000, 0x0000000083300000|100%| O|  |TAMS 0x0000000083300000, 0x0000000083200000| Untracked 
|  51|0x0000000083300000, 0x0000000083400000, 0x0000000083400000|100%| O|  |TAMS 0x0000000083400000, 0x0000000083300000| Untracked 
|  52|0x0000000083400000, 0x0000000083500000, 0x0000000083500000|100%| O|  |TAMS 0x0000000083500000, 0x0000000083400000| Untracked 
|  53|0x0000000083500000, 0x0000000083600000, 0x0000000083600000|100%| O|  |TAMS 0x0000000083600000, 0x0000000083500000| Untracked 
|  54|0x0000000083600000, 0x0000000083700000, 0x0000000083700000|100%| O|  |TAMS 0x0000000083700000, 0x0000000083600000| Untracked 
|  55|0x0000000083700000, 0x0000000083800000, 0x0000000083800000|100%| O|  |TAMS 0x0000000083800000, 0x0000000083700000| Untracked 
|  56|0x0000000083800000, 0x0000000083900000, 0x0000000083900000|100%| O|  |TAMS 0x0000000083900000, 0x0000000083800000| Untracked 
|  57|0x0000000083900000, 0x0000000083a00000, 0x0000000083a00000|100%| O|  |TAMS 0x0000000083a00000, 0x0000000083900000| Untracked 
|  58|0x0000000083a00000, 0x0000000083b00000, 0x0000000083b00000|100%| O|  |TAMS 0x0000000083b00000, 0x0000000083a00000| Untracked 
|  59|0x0000000083b00000, 0x0000000083c00000, 0x0000000083c00000|100%| O|  |TAMS 0x0000000083c00000, 0x0000000083b00000| Untracked 
|  60|0x0000000083c00000, 0x0000000083d00000, 0x0000000083d00000|100%| O|  |TAMS 0x0000000083d00000, 0x0000000083c00000| Untracked 
|  61|0x0000000083d00000, 0x0000000083e00000, 0x0000000083e00000|100%| O|  |TAMS 0x0000000083e00000, 0x0000000083d00000| Untracked 
|  62|0x0000000083e00000, 0x0000000083f00000, 0x0000000083f00000|100%| O|  |TAMS 0x0000000083f00000, 0x0000000083e00000| Untracked 
|  63|0x0000000083f00000, 0x0000000084000000, 0x0000000084000000|100%| O|  |TAMS 0x0000000084000000, 0x0000000083f00000| Untracked 
|  64|0x0000000084000000, 0x0000000084100000, 0x0000000084100000|100%| O|  |TAMS 0x0000000084100000, 0x0000000084000000| Untracked 
|  65|0x0000000084100000, 0x0000000084200000, 0x0000000084200000|100%| O|  |TAMS 0x0000000084200000, 0x0000000084100000| Untracked 
|  66|0x0000000084200000, 0x0000000084300000, 0x0000000084300000|100%| O|  |TAMS 0x0000000084300000, 0x0000000084200000| Untracked 
|  67|0x0000000084300000, 0x0000000084400000, 0x0000000084400000|100%| O|  |TAMS 0x0000000084400000, 0x0000000084300000| Untracked 
|  68|0x0000000084400000, 0x0000000084500000, 0x0000000084500000|100%| O|  |TAMS 0x0000000084500000, 0x0000000084400000| Untracked 
|  69|0x0000000084500000, 0x0000000084600000, 0x0000000084600000|100%| O|  |TAMS 0x0000000084600000, 0x0000000084500000| Untracked 
|  70|0x0000000084600000, 0x0000000084700000, 0x0000000084700000|100%| O|  |TAMS 0x0000000084700000, 0x0000000084600000| Untracked 
|  71|0x0000000084700000, 0x0000000084800000, 0x0000000084800000|100%| O|  |TAMS 0x0000000084800000, 0x0000000084700000| Untracked 
|  72|0x0000000084800000, 0x0000000084900000, 0x0000000084900000|100%| O|  |TAMS 0x0000000084900000, 0x0000000084800000| Untracked 
|  73|0x0000000084900000, 0x0000000084a00000, 0x0000000084a00000|100%| O|  |TAMS 0x0000000084a00000, 0x0000000084900000| Untracked 
|  74|0x0000000084a00000, 0x0000000084b00000, 0x0000000084b00000|100%|HS|  |TAMS 0x0000000084b00000, 0x0000000084a00000| Complete 
|  75|0x0000000084b00000, 0x0000000084c00000, 0x0000000084c00000|100%|HS|  |TAMS 0x0000000084c00000, 0x0000000084b00000| Complete 
|  76|0x0000000084c00000, 0x0000000084d00000, 0x0000000084d00000|100%|HS|  |TAMS 0x0000000084d00000, 0x0000000084c00000| Complete 
|  77|0x0000000084d00000, 0x0000000084e00000, 0x0000000084e00000|100%|HS|  |TAMS 0x0000000084e00000, 0x0000000084d00000| Complete 
|  78|0x0000000084e00000, 0x0000000084f00000, 0x0000000084f00000|100%|HS|  |TAMS 0x0000000084f00000, 0x0000000084e00000| Complete 
|  79|0x0000000084f00000, 0x0000000085000000, 0x0000000085000000|100%| O|  |TAMS 0x0000000085000000, 0x0000000084f00000| Untracked 
|  80|0x0000000085000000, 0x0000000085100000, 0x0000000085100000|100%| O|  |TAMS 0x0000000085100000, 0x0000000085000000| Untracked 
|  81|0x0000000085100000, 0x0000000085200000, 0x0000000085200000|100%| O|  |TAMS 0x0000000085200000, 0x0000000085100000| Untracked 
|  82|0x0000000085200000, 0x0000000085300000, 0x0000000085300000|100%| O|  |TAMS 0x0000000085300000, 0x0000000085200000| Untracked 
|  83|0x0000000085300000, 0x0000000085400000, 0x0000000085400000|100%| O|  |TAMS 0x0000000085400000, 0x0000000085300000| Untracked 
|  84|0x0000000085400000, 0x0000000085500000, 0x0000000085500000|100%| O|  |TAMS 0x0000000085500000, 0x0000000085400000| Untracked 
|  85|0x0000000085500000, 0x0000000085600000, 0x0000000085600000|100%| O|  |TAMS 0x0000000085600000, 0x0000000085500000| Untracked 
|  86|0x0000000085600000, 0x0000000085700000, 0x0000000085700000|100%| O|  |TAMS 0x0000000085700000, 0x0000000085600000| Untracked 
|  87|0x0000000085700000, 0x0000000085800000, 0x0000000085800000|100%| O|  |TAMS 0x0000000085800000, 0x0000000085700000| Untracked 
|  88|0x0000000085800000, 0x0000000085900000, 0x0000000085900000|100%| O|  |TAMS 0x0000000085900000, 0x0000000085800000| Untracked 
|  89|0x0000000085900000, 0x0000000085a00000, 0x0000000085a00000|100%| O|  |TAMS 0x0000000085a00000, 0x0000000085900000| Untracked 
|  90|0x0000000085a00000, 0x0000000085b00000, 0x0000000085b00000|100%|HS|  |TAMS 0x0000000085b00000, 0x0000000085a00000| Complete 
|  91|0x0000000085b00000, 0x0000000085c00000, 0x0000000085c00000|100%| O|  |TAMS 0x0000000085c00000, 0x0000000085b00000| Untracked 
|  92|0x0000000085c00000, 0x0000000085d00000, 0x0000000085d00000|100%| O|  |TAMS 0x0000000085d00000, 0x0000000085c00000| Untracked 
|  93|0x0000000085d00000, 0x0000000085e00000, 0x0000000085e00000|100%| O|  |TAMS 0x0000000085e00000, 0x0000000085d00000| Untracked 
|  94|0x0000000085e00000, 0x0000000085f00000, 0x0000000085f00000|100%| O|  |TAMS 0x0000000085f00000, 0x0000000085e00000| Untracked 
|  95|0x0000000085f00000, 0x0000000086000000, 0x0000000086000000|100%|HS|  |TAMS 0x0000000086000000, 0x0000000085f00000| Complete 
|  96|0x0000000086000000, 0x0000000086100000, 0x0000000086100000|100%| O|  |TAMS 0x0000000086100000, 0x0000000086000000| Untracked 
|  97|0x0000000086100000, 0x0000000086200000, 0x0000000086200000|100%| O|  |TAMS 0x0000000086200000, 0x0000000086100000| Untracked 
|  98|0x0000000086200000, 0x0000000086300000, 0x0000000086300000|100%| O|  |TAMS 0x0000000086300000, 0x0000000086200000| Untracked 
|  99|0x0000000086300000, 0x0000000086400000, 0x0000000086400000|100%|HS|  |TAMS 0x0000000086400000, 0x0000000086300000| Complete 
| 100|0x0000000086400000, 0x0000000086500000, 0x0000000086500000|100%|HC|  |TAMS 0x0000000086500000, 0x0000000086400000| Complete 
| 101|0x0000000086500000, 0x0000000086600000, 0x0000000086600000|100%|HC|  |TAMS 0x0000000086600000, 0x0000000086500000| Complete 
| 102|0x0000000086600000, 0x0000000086600000, 0x0000000086700000|  0%| F|  |TAMS 0x0000000086600000, 0x0000000086600000| Untracked 
| 103|0x0000000086700000, 0x0000000086800000, 0x0000000086800000|100%| O|  |TAMS 0x0000000086800000, 0x0000000086700000| Untracked 
| 104|0x0000000086800000, 0x0000000086900000, 0x0000000086900000|100%| O|  |TAMS 0x0000000086900000, 0x0000000086800000| Untracked 
| 105|0x0000000086900000, 0x0000000086a00000, 0x0000000086a00000|100%| O|  |TAMS 0x0000000086a00000, 0x0000000086900000| Untracked 
| 106|0x0000000086a00000, 0x0000000086b00000, 0x0000000086b00000|100%| O|  |TAMS 0x0000000086b00000, 0x0000000086a00000| Untracked 
| 107|0x0000000086b00000, 0x0000000086c00000, 0x0000000086c00000|100%| O|  |TAMS 0x0000000086c00000, 0x0000000086b00000| Untracked 
| 108|0x0000000086c00000, 0x0000000086d00000, 0x0000000086d00000|100%| O|  |TAMS 0x0000000086d00000, 0x0000000086c00000| Untracked 
| 109|0x0000000086d00000, 0x0000000086e00000, 0x0000000086e00000|100%| O|  |TAMS 0x0000000086e00000, 0x0000000086d00000| Untracked 
| 110|0x0000000086e00000, 0x0000000086f00000, 0x0000000086f00000|100%| O|  |TAMS 0x0000000086f00000, 0x0000000086e00000| Untracked 
| 111|0x0000000086f00000, 0x0000000087000000, 0x0000000087000000|100%| O|  |TAMS 0x0000000087000000, 0x0000000086f00000| Untracked 
| 112|0x0000000087000000, 0x0000000087100000, 0x0000000087100000|100%| O|  |TAMS 0x0000000087100000, 0x0000000087000000| Untracked 
| 113|0x0000000087100000, 0x0000000087200000, 0x0000000087200000|100%| O|  |TAMS 0x0000000087200000, 0x0000000087100000| Untracked 
| 114|0x0000000087200000, 0x0000000087300000, 0x0000000087300000|100%| O|  |TAMS 0x0000000087300000, 0x0000000087200000| Untracked 
| 115|0x0000000087300000, 0x0000000087400000, 0x0000000087400000|100%| O|  |TAMS 0x0000000087400000, 0x0000000087300000| Untracked 
| 116|0x0000000087400000, 0x0000000087500000, 0x0000000087500000|100%| O|  |TAMS 0x0000000087500000, 0x0000000087400000| Untracked 
| 117|0x0000000087500000, 0x0000000087600000, 0x0000000087600000|100%| O|  |TAMS 0x0000000087600000, 0x0000000087500000| Untracked 
| 118|0x0000000087600000, 0x0000000087700000, 0x0000000087700000|100%| O|  |TAMS 0x0000000087700000, 0x0000000087600000| Untracked 
| 119|0x0000000087700000, 0x0000000087800000, 0x0000000087800000|100%| O|  |TAMS 0x0000000087800000, 0x0000000087700000| Untracked 
| 120|0x0000000087800000, 0x0000000087900000, 0x0000000087900000|100%| O|  |TAMS 0x0000000087900000, 0x0000000087800000| Untracked 
| 121|0x0000000087900000, 0x0000000087a00000, 0x0000000087a00000|100%| O|  |TAMS 0x0000000087a00000, 0x0000000087900000| Untracked 
| 122|0x0000000087a00000, 0x0000000087b00000, 0x0000000087b00000|100%| O|  |TAMS 0x0000000087b00000, 0x0000000087a00000| Untracked 
| 123|0x0000000087b00000, 0x0000000087c00000, 0x0000000087c00000|100%| O|  |TAMS 0x0000000087c00000, 0x0000000087b00000| Untracked 
| 124|0x0000000087c00000, 0x0000000087d00000, 0x0000000087d00000|100%| O|  |TAMS 0x0000000087d00000, 0x0000000087c00000| Untracked 
| 125|0x0000000087d00000, 0x0000000087e00000, 0x0000000087e00000|100%| O|  |TAMS 0x0000000087e00000, 0x0000000087d00000| Untracked 
| 126|0x0000000087e00000, 0x0000000087f00000, 0x0000000087f00000|100%| O|  |TAMS 0x0000000087f00000, 0x0000000087e00000| Untracked 
| 127|0x0000000087f00000, 0x0000000088000000, 0x0000000088000000|100%| O|  |TAMS 0x0000000088000000, 0x0000000087f00000| Untracked 
| 128|0x0000000088000000, 0x0000000088100000, 0x0000000088100000|100%| O|  |TAMS 0x0000000088100000, 0x0000000088000000| Untracked 
| 129|0x0000000088100000, 0x0000000088200000, 0x0000000088200000|100%| O|  |TAMS 0x0000000088200000, 0x0000000088100000| Untracked 
| 130|0x0000000088200000, 0x0000000088300000, 0x0000000088300000|100%| O|  |TAMS 0x0000000088300000, 0x0000000088200000| Untracked 
| 131|0x0000000088300000, 0x0000000088400000, 0x0000000088400000|100%| O|  |TAMS 0x0000000088400000, 0x0000000088300000| Untracked 
| 132|0x0000000088400000, 0x0000000088500000, 0x0000000088500000|100%| O|  |TAMS 0x0000000088500000, 0x0000000088400000| Untracked 
| 133|0x0000000088500000, 0x0000000088600000, 0x0000000088600000|100%| O|  |TAMS 0x0000000088600000, 0x0000000088500000| Untracked 
| 134|0x0000000088600000, 0x0000000088700000, 0x0000000088700000|100%| O|  |TAMS 0x0000000088700000, 0x0000000088600000| Untracked 
| 135|0x0000000088700000, 0x0000000088800000, 0x0000000088800000|100%| O|  |TAMS 0x000000008871ba00, 0x0000000088700000| Untracked 
| 136|0x0000000088800000, 0x0000000088900000, 0x0000000088900000|100%|HS|  |TAMS 0x0000000088800000, 0x0000000088800000| Complete 
| 137|0x0000000088900000, 0x0000000088a00000, 0x0000000088a00000|100%|HS|  |TAMS 0x0000000088900000, 0x0000000088900000| Complete 
| 138|0x0000000088a00000, 0x0000000088b00000, 0x0000000088b00000|100%|HS|  |TAMS 0x0000000088a00000, 0x0000000088a00000| Complete 
| 139|0x0000000088b00000, 0x0000000088c00000, 0x0000000088c00000|100%| O|  |TAMS 0x0000000088b00000, 0x0000000088b00000| Untracked 
| 140|0x0000000088c00000, 0x0000000088d00000, 0x0000000088d00000|100%| O|  |TAMS 0x0000000088c00000, 0x0000000088c00000| Untracked 
| 141|0x0000000088d00000, 0x0000000088e00000, 0x0000000088e00000|100%| O|  |TAMS 0x0000000088d00000, 0x0000000088d00000| Untracked 
| 142|0x0000000088e00000, 0x0000000088f00000, 0x0000000088f00000|100%| O|  |TAMS 0x0000000088e00000, 0x0000000088e00000| Untracked 
| 143|0x0000000088f00000, 0x0000000089000000, 0x0000000089000000|100%| O|  |TAMS 0x0000000088f00000, 0x0000000088f00000| Untracked 
| 144|0x0000000089000000, 0x0000000089100000, 0x0000000089100000|100%| O|  |TAMS 0x0000000089000000, 0x0000000089000000| Untracked 
| 145|0x0000000089100000, 0x0000000089200000, 0x0000000089200000|100%| O|  |TAMS 0x0000000089100000, 0x0000000089100000| Untracked 
| 146|0x0000000089200000, 0x0000000089300000, 0x0000000089300000|100%| O|  |TAMS 0x0000000089200000, 0x0000000089200000| Untracked 
| 147|0x0000000089300000, 0x0000000089400000, 0x0000000089400000|100%| O|  |TAMS 0x0000000089300000, 0x0000000089300000| Untracked 
| 148|0x0000000089400000, 0x0000000089500000, 0x0000000089500000|100%| O|  |TAMS 0x0000000089400000, 0x0000000089400000| Untracked 
| 149|0x0000000089500000, 0x0000000089600000, 0x0000000089600000|100%| O|  |TAMS 0x0000000089500000, 0x0000000089500000| Untracked 
| 150|0x0000000089600000, 0x0000000089700000, 0x0000000089700000|100%| O|  |TAMS 0x0000000089600000, 0x0000000089600000| Untracked 
| 151|0x0000000089700000, 0x0000000089800000, 0x0000000089800000|100%| O|  |TAMS 0x0000000089700000, 0x0000000089700000| Untracked 
| 152|0x0000000089800000, 0x0000000089900000, 0x0000000089900000|100%| O|  |TAMS 0x0000000089800000, 0x0000000089800000| Untracked 
| 153|0x0000000089900000, 0x0000000089a00000, 0x0000000089a00000|100%| O|  |TAMS 0x0000000089900000, 0x0000000089900000| Untracked 
| 154|0x0000000089a00000, 0x0000000089af4a00, 0x0000000089b00000| 95%| O|  |TAMS 0x0000000089a00000, 0x0000000089a00000| Untracked 
| 155|0x0000000089b00000, 0x0000000089b00000, 0x0000000089c00000|  0%| F|  |TAMS 0x0000000089b00000, 0x0000000089b00000| Untracked 
| 156|0x0000000089c00000, 0x0000000089c00000, 0x0000000089d00000|  0%| F|  |TAMS 0x0000000089c00000, 0x0000000089c00000| Untracked 
| 157|0x0000000089d00000, 0x0000000089d00000, 0x0000000089e00000|  0%| F|  |TAMS 0x0000000089d00000, 0x0000000089d00000| Untracked 
| 158|0x0000000089e00000, 0x0000000089e00000, 0x0000000089f00000|  0%| F|  |TAMS 0x0000000089e00000, 0x0000000089e00000| Untracked 
| 159|0x0000000089f00000, 0x0000000089f00000, 0x000000008a000000|  0%| F|  |TAMS 0x0000000089f00000, 0x0000000089f00000| Untracked 
| 160|0x000000008a000000, 0x000000008a000000, 0x000000008a100000|  0%| F|  |TAMS 0x000000008a000000, 0x000000008a000000| Untracked 
| 161|0x000000008a100000, 0x000000008a100000, 0x000000008a200000|  0%| F|  |TAMS 0x000000008a100000, 0x000000008a100000| Untracked 
| 162|0x000000008a200000, 0x000000008a200000, 0x000000008a300000|  0%| F|  |TAMS 0x000000008a200000, 0x000000008a200000| Untracked 
| 163|0x000000008a300000, 0x000000008a300000, 0x000000008a400000|  0%| F|  |TAMS 0x000000008a300000, 0x000000008a300000| Untracked 
| 164|0x000000008a400000, 0x000000008a400000, 0x000000008a500000|  0%| F|  |TAMS 0x000000008a400000, 0x000000008a400000| Untracked 
| 165|0x000000008a500000, 0x000000008a500000, 0x000000008a600000|  0%| F|  |TAMS 0x000000008a500000, 0x000000008a500000| Untracked 
| 166|0x000000008a600000, 0x000000008a600000, 0x000000008a700000|  0%| F|  |TAMS 0x000000008a600000, 0x000000008a600000| Untracked 
| 167|0x000000008a700000, 0x000000008a700000, 0x000000008a800000|  0%| F|  |TAMS 0x000000008a700000, 0x000000008a700000| Untracked 
| 168|0x000000008a800000, 0x000000008a800000, 0x000000008a900000|  0%| F|  |TAMS 0x000000008a800000, 0x000000008a800000| Untracked 
| 169|0x000000008a900000, 0x000000008a900000, 0x000000008aa00000|  0%| F|  |TAMS 0x000000008a900000, 0x000000008a900000| Untracked 
| 170|0x000000008aa00000, 0x000000008aa00000, 0x000000008ab00000|  0%| F|  |TAMS 0x000000008aa00000, 0x000000008aa00000| Untracked 
| 171|0x000000008ab00000, 0x000000008ab00000, 0x000000008ac00000|  0%| F|  |TAMS 0x000000008ab00000, 0x000000008ab00000| Untracked 
| 172|0x000000008ac00000, 0x000000008ac00000, 0x000000008ad00000|  0%| F|  |TAMS 0x000000008ac00000, 0x000000008ac00000| Untracked 
| 173|0x000000008ad00000, 0x000000008ad00000, 0x000000008ae00000|  0%| F|  |TAMS 0x000000008ad00000, 0x000000008ad00000| Untracked 
| 174|0x000000008ae00000, 0x000000008ae00000, 0x000000008af00000|  0%| F|  |TAMS 0x000000008ae00000, 0x000000008ae00000| Untracked 
| 175|0x000000008af00000, 0x000000008af00000, 0x000000008b000000|  0%| F|  |TAMS 0x000000008af00000, 0x000000008af00000| Untracked 
| 176|0x000000008b000000, 0x000000008b000000, 0x000000008b100000|  0%| F|  |TAMS 0x000000008b000000, 0x000000008b000000| Untracked 
| 177|0x000000008b100000, 0x000000008b100000, 0x000000008b200000|  0%| F|  |TAMS 0x000000008b100000, 0x000000008b100000| Untracked 
| 178|0x000000008b200000, 0x000000008b200000, 0x000000008b300000|  0%| F|  |TAMS 0x000000008b200000, 0x000000008b200000| Untracked 
| 179|0x000000008b300000, 0x000000008b300000, 0x000000008b400000|  0%| F|  |TAMS 0x000000008b300000, 0x000000008b300000| Untracked 
| 180|0x000000008b400000, 0x000000008b400000, 0x000000008b500000|  0%| F|  |TAMS 0x000000008b400000, 0x000000008b400000| Untracked 
| 181|0x000000008b500000, 0x000000008b500000, 0x000000008b600000|  0%| F|  |TAMS 0x000000008b500000, 0x000000008b500000| Untracked 
| 182|0x000000008b600000, 0x000000008b600000, 0x000000008b700000|  0%| F|  |TAMS 0x000000008b600000, 0x000000008b600000| Untracked 
| 183|0x000000008b700000, 0x000000008b700000, 0x000000008b800000|  0%| F|  |TAMS 0x000000008b700000, 0x000000008b700000| Untracked 
| 184|0x000000008b800000, 0x000000008b800000, 0x000000008b900000|  0%| F|  |TAMS 0x000000008b800000, 0x000000008b800000| Untracked 
| 185|0x000000008b900000, 0x000000008b900000, 0x000000008ba00000|  0%| F|  |TAMS 0x000000008b900000, 0x000000008b900000| Untracked 
| 186|0x000000008ba00000, 0x000000008ba00000, 0x000000008bb00000|  0%| F|  |TAMS 0x000000008ba00000, 0x000000008ba00000| Untracked 
| 187|0x000000008bb00000, 0x000000008bb00000, 0x000000008bc00000|  0%| F|  |TAMS 0x000000008bb00000, 0x000000008bb00000| Untracked 
| 188|0x000000008bc00000, 0x000000008bc00000, 0x000000008bd00000|  0%| F|  |TAMS 0x000000008bc00000, 0x000000008bc00000| Untracked 
| 189|0x000000008bd00000, 0x000000008bd00000, 0x000000008be00000|  0%| F|  |TAMS 0x000000008bd00000, 0x000000008bd00000| Untracked 
| 190|0x000000008be00000, 0x000000008be00000, 0x000000008bf00000|  0%| F|  |TAMS 0x000000008be00000, 0x000000008be00000| Untracked 
| 191|0x000000008bf00000, 0x000000008bf00000, 0x000000008c000000|  0%| F|  |TAMS 0x000000008bf00000, 0x000000008bf00000| Untracked 
| 192|0x000000008c000000, 0x000000008c000000, 0x000000008c100000|  0%| F|  |TAMS 0x000000008c000000, 0x000000008c000000| Untracked 
| 193|0x000000008c100000, 0x000000008c1e0c40, 0x000000008c200000| 87%| S|CS|TAMS 0x000000008c100000, 0x000000008c100000| Complete 
| 194|0x000000008c200000, 0x000000008c300000, 0x000000008c300000|100%| S|CS|TAMS 0x000000008c200000, 0x000000008c200000| Complete 
| 195|0x000000008c300000, 0x000000008c400000, 0x000000008c400000|100%| S|CS|TAMS 0x000000008c300000, 0x000000008c300000| Complete 
| 196|0x000000008c400000, 0x000000008c500000, 0x000000008c500000|100%| S|CS|TAMS 0x000000008c400000, 0x000000008c400000| Complete 
| 197|0x000000008c500000, 0x000000008c600000, 0x000000008c600000|100%| S|CS|TAMS 0x000000008c500000, 0x000000008c500000| Complete 
| 198|0x000000008c600000, 0x000000008c600000, 0x000000008c700000|  0%| F|  |TAMS 0x000000008c600000, 0x000000008c600000| Untracked 
| 199|0x000000008c700000, 0x000000008c700000, 0x000000008c800000|  0%| F|  |TAMS 0x000000008c700000, 0x000000008c700000| Untracked 
| 200|0x000000008c800000, 0x000000008c800000, 0x000000008c900000|  0%| F|  |TAMS 0x000000008c800000, 0x000000008c800000| Untracked 
| 201|0x000000008c900000, 0x000000008c900000, 0x000000008ca00000|  0%| F|  |TAMS 0x000000008c900000, 0x000000008c900000| Untracked 
| 202|0x000000008ca00000, 0x000000008ca00000, 0x000000008cb00000|  0%| F|  |TAMS 0x000000008ca00000, 0x000000008ca00000| Untracked 
| 203|0x000000008cb00000, 0x000000008cb00000, 0x000000008cc00000|  0%| F|  |TAMS 0x000000008cb00000, 0x000000008cb00000| Untracked 
| 204|0x000000008cc00000, 0x000000008cc00000, 0x000000008cd00000|  0%| F|  |TAMS 0x000000008cc00000, 0x000000008cc00000| Untracked 
| 205|0x000000008cd00000, 0x000000008cd00000, 0x000000008ce00000|  0%| F|  |TAMS 0x000000008cd00000, 0x000000008cd00000| Untracked 
| 206|0x000000008ce00000, 0x000000008ce00000, 0x000000008cf00000|  0%| F|  |TAMS 0x000000008ce00000, 0x000000008ce00000| Untracked 
| 207|0x000000008cf00000, 0x000000008cf00000, 0x000000008d000000|  0%| F|  |TAMS 0x000000008cf00000, 0x000000008cf00000| Untracked 
| 208|0x000000008d000000, 0x000000008d000000, 0x000000008d100000|  0%| F|  |TAMS 0x000000008d000000, 0x000000008d000000| Untracked 
| 209|0x000000008d100000, 0x000000008d100000, 0x000000008d200000|  0%| F|  |TAMS 0x000000008d100000, 0x000000008d100000| Untracked 
| 210|0x000000008d200000, 0x000000008d200000, 0x000000008d300000|  0%| F|  |TAMS 0x000000008d200000, 0x000000008d200000| Untracked 
| 211|0x000000008d300000, 0x000000008d300000, 0x000000008d400000|  0%| F|  |TAMS 0x000000008d300000, 0x000000008d300000| Untracked 
| 212|0x000000008d400000, 0x000000008d400000, 0x000000008d500000|  0%| F|  |TAMS 0x000000008d400000, 0x000000008d400000| Untracked 
| 213|0x000000008d500000, 0x000000008d500000, 0x000000008d600000|  0%| F|  |TAMS 0x000000008d500000, 0x000000008d500000| Untracked 
| 214|0x000000008d600000, 0x000000008d600000, 0x000000008d700000|  0%| F|  |TAMS 0x000000008d600000, 0x000000008d600000| Untracked 
| 215|0x000000008d700000, 0x000000008d700000, 0x000000008d800000|  0%| F|  |TAMS 0x000000008d700000, 0x000000008d700000| Untracked 
| 216|0x000000008d800000, 0x000000008d800000, 0x000000008d900000|  0%| F|  |TAMS 0x000000008d800000, 0x000000008d800000| Untracked 
| 217|0x000000008d900000, 0x000000008d900000, 0x000000008da00000|  0%| F|  |TAMS 0x000000008d900000, 0x000000008d900000| Untracked 
| 218|0x000000008da00000, 0x000000008da00000, 0x000000008db00000|  0%| F|  |TAMS 0x000000008da00000, 0x000000008da00000| Untracked 
| 219|0x000000008db00000, 0x000000008db00000, 0x000000008dc00000|  0%| F|  |TAMS 0x000000008db00000, 0x000000008db00000| Untracked 
| 220|0x000000008dc00000, 0x000000008dc00000, 0x000000008dd00000|  0%| F|  |TAMS 0x000000008dc00000, 0x000000008dc00000| Untracked 
| 221|0x000000008dd00000, 0x000000008dd00000, 0x000000008de00000|  0%| F|  |TAMS 0x000000008dd00000, 0x000000008dd00000| Untracked 
| 222|0x000000008de00000, 0x000000008de00000, 0x000000008df00000|  0%| F|  |TAMS 0x000000008de00000, 0x000000008de00000| Untracked 
| 223|0x000000008df00000, 0x000000008df00000, 0x000000008e000000|  0%| F|  |TAMS 0x000000008df00000, 0x000000008df00000| Untracked 
| 224|0x000000008e000000, 0x000000008e000000, 0x000000008e100000|  0%| F|  |TAMS 0x000000008e000000, 0x000000008e000000| Untracked 
| 225|0x000000008e100000, 0x000000008e100000, 0x000000008e200000|  0%| F|  |TAMS 0x000000008e100000, 0x000000008e100000| Untracked 
| 226|0x000000008e200000, 0x000000008e200000, 0x000000008e300000|  0%| F|  |TAMS 0x000000008e200000, 0x000000008e200000| Untracked 
| 227|0x000000008e300000, 0x000000008e300000, 0x000000008e400000|  0%| F|  |TAMS 0x000000008e300000, 0x000000008e300000| Untracked 
| 228|0x000000008e400000, 0x000000008e400000, 0x000000008e500000|  0%| F|  |TAMS 0x000000008e400000, 0x000000008e400000| Untracked 
| 229|0x000000008e500000, 0x000000008e500000, 0x000000008e600000|  0%| F|  |TAMS 0x000000008e500000, 0x000000008e500000| Untracked 
| 230|0x000000008e600000, 0x000000008e600000, 0x000000008e700000|  0%| F|  |TAMS 0x000000008e600000, 0x000000008e600000| Untracked 
| 231|0x000000008e700000, 0x000000008e700000, 0x000000008e800000|  0%| F|  |TAMS 0x000000008e700000, 0x000000008e700000| Untracked 
| 232|0x000000008e800000, 0x000000008e800000, 0x000000008e900000|  0%| F|  |TAMS 0x000000008e800000, 0x000000008e800000| Untracked 
| 233|0x000000008e900000, 0x000000008e900000, 0x000000008ea00000|  0%| F|  |TAMS 0x000000008e900000, 0x000000008e900000| Untracked 
| 234|0x000000008ea00000, 0x000000008ea00000, 0x000000008eb00000|  0%| F|  |TAMS 0x000000008ea00000, 0x000000008ea00000| Untracked 
| 235|0x000000008eb00000, 0x000000008eb00000, 0x000000008ec00000|  0%| F|  |TAMS 0x000000008eb00000, 0x000000008eb00000| Untracked 
| 236|0x000000008ec00000, 0x000000008ec00000, 0x000000008ed00000|  0%| F|  |TAMS 0x000000008ec00000, 0x000000008ec00000| Untracked 
| 237|0x000000008ed00000, 0x000000008ed00000, 0x000000008ee00000|  0%| F|  |TAMS 0x000000008ed00000, 0x000000008ed00000| Untracked 
| 238|0x000000008ee00000, 0x000000008ee00000, 0x000000008ef00000|  0%| F|  |TAMS 0x000000008ee00000, 0x000000008ee00000| Untracked 
| 239|0x000000008ef00000, 0x000000008ef00000, 0x000000008f000000|  0%| F|  |TAMS 0x000000008ef00000, 0x000000008ef00000| Untracked 
| 240|0x000000008f000000, 0x000000008f000000, 0x000000008f100000|  0%| F|  |TAMS 0x000000008f000000, 0x000000008f000000| Untracked 
| 241|0x000000008f100000, 0x000000008f100000, 0x000000008f200000|  0%| F|  |TAMS 0x000000008f100000, 0x000000008f100000| Untracked 
| 242|0x000000008f200000, 0x000000008f200000, 0x000000008f300000|  0%| F|  |TAMS 0x000000008f200000, 0x000000008f200000| Untracked 
| 243|0x000000008f300000, 0x000000008f300000, 0x000000008f400000|  0%| F|  |TAMS 0x000000008f300000, 0x000000008f300000| Untracked 
| 244|0x000000008f400000, 0x000000008f400000, 0x000000008f500000|  0%| F|  |TAMS 0x000000008f400000, 0x000000008f400000| Untracked 
| 245|0x000000008f500000, 0x000000008f500000, 0x000000008f600000|  0%| F|  |TAMS 0x000000008f500000, 0x000000008f500000| Untracked 
| 246|0x000000008f600000, 0x000000008f600000, 0x000000008f700000|  0%| F|  |TAMS 0x000000008f600000, 0x000000008f600000| Untracked 
| 247|0x000000008f700000, 0x000000008f700000, 0x000000008f800000|  0%| F|  |TAMS 0x000000008f700000, 0x000000008f700000| Untracked 
| 248|0x000000008f800000, 0x000000008f800000, 0x000000008f900000|  0%| F|  |TAMS 0x000000008f800000, 0x000000008f800000| Untracked 
| 249|0x000000008f900000, 0x000000008f900000, 0x000000008fa00000|  0%| F|  |TAMS 0x000000008f900000, 0x000000008f900000| Untracked 
| 250|0x000000008fa00000, 0x000000008fa00000, 0x000000008fb00000|  0%| F|  |TAMS 0x000000008fa00000, 0x000000008fa00000| Untracked 
| 251|0x000000008fb00000, 0x000000008fb00000, 0x000000008fc00000|  0%| F|  |TAMS 0x000000008fb00000, 0x000000008fb00000| Untracked 
| 252|0x000000008fc00000, 0x000000008fc00000, 0x000000008fd00000|  0%| F|  |TAMS 0x000000008fc00000, 0x000000008fc00000| Untracked 
| 253|0x000000008fd00000, 0x000000008fd00000, 0x000000008fe00000|  0%| F|  |TAMS 0x000000008fd00000, 0x000000008fd00000| Untracked 
| 254|0x000000008fe00000, 0x000000008fe00000, 0x000000008ff00000|  0%| F|  |TAMS 0x000000008fe00000, 0x000000008fe00000| Untracked 
| 255|0x000000008ff00000, 0x000000008ff00000, 0x0000000090000000|  0%| F|  |TAMS 0x000000008ff00000, 0x000000008ff00000| Untracked 
| 256|0x0000000090000000, 0x0000000090000000, 0x0000000090100000|  0%| F|  |TAMS 0x0000000090000000, 0x0000000090000000| Untracked 
| 257|0x0000000090100000, 0x0000000090100000, 0x0000000090200000|  0%| F|  |TAMS 0x0000000090100000, 0x0000000090100000| Untracked 
| 258|0x0000000090200000, 0x0000000090200000, 0x0000000090300000|  0%| F|  |TAMS 0x0000000090200000, 0x0000000090200000| Untracked 

Card table byte_map: [0x000001e53c560000,0x000001e53c960000] _byte_map_base: 0x000001e53c160000

Marking Bits (Prev, Next): (CMBitMap*) 0x000001e52534d0b0, (CMBitMap*) 0x000001e52534d070
 Prev Bits: [0x000001e53ed60000, 0x000001e540d60000)
 Next Bits: [0x000001e53cd60000, 0x000001e53ed60000)

Polling page: 0x000001e524aa0000

Metaspace:

Usage:
  Non-class:     93.43 MB used.
      Class:     15.26 MB used.
       Both:    108.69 MB used.

Virtual space:
  Non-class space:      128.00 MB reserved,      94.25 MB ( 74%) committed,  2 nodes.
      Class space:      416.00 MB reserved,      16.00 MB (  4%) committed,  1 nodes.
             Both:      544.00 MB reserved,     110.25 MB ( 20%) committed. 

Chunk freelists:
   Non-Class:  1.37 MB
       Class:  15.89 MB
        Both:  17.26 MB

MaxMetaspaceSize: 512.00 MB
CompressedClassSpaceSize: 416.00 MB
Initial GC threshold: 21.00 MB
Current GC threshold: 177.94 MB
CDS: on
MetaspaceReclaimPolicy: balanced
 - commit_granule_bytes: 65536.
 - commit_granule_words: 8192.
 - virtual_space_node_default_size: 8388608.
 - enlarge_chunks_in_place: 1.
 - new_chunks_are_fully_committed: 0.
 - uncommit_free_chunks: 1.
 - use_allocation_guard: 0.
 - handle_deallocations: 1.


Internal statistics:

num_allocs_failed_limit: 9.
num_arena_births: 2338.
num_arena_deaths: 0.
num_vsnodes_births: 3.
num_vsnodes_deaths: 0.
num_space_committed: 1764.
num_space_uncommitted: 0.
num_chunks_returned_to_freelist: 9.
num_chunks_taken_from_freelist: 7659.
num_chunk_merges: 9.
num_chunk_splits: 4828.
num_chunks_enlarged: 2885.
num_inconsistent_stats: 0.

CodeHeap 'non-profiled nmethods': size=120000Kb used=9897Kb max_used=10180Kb free=110103Kb
 bounds [0x000001e5348f0000, 0x000001e535300000, 0x000001e53be20000]
CodeHeap 'profiled nmethods': size=120000Kb used=25822Kb max_used=28128Kb free=94177Kb
 bounds [0x000001e52ce20000, 0x000001e52e9a0000, 0x000001e534350000]
CodeHeap 'non-nmethods': size=5760Kb used=1784Kb max_used=1844Kb free=3975Kb
 bounds [0x000001e534350000, 0x000001e5345c0000, 0x000001e5348f0000]
 total_blobs=14262 nmethods=13379 adapters=794
 compilation: enabled
              stopped_count=0, restarted_count=0
 full_count=0

Compilation events (20 events):
Event: 17.156 Thread 0x000001e54380da00 16223       3       com.google.common.collect.RegularImmutableList::internalArrayEnd (6 bytes)
Event: 17.156 Thread 0x000001e54380da00 nmethod 16223 0x000001e52d074c90 code [0x000001e52d074e20, 0x000001e52d074f38]
Event: 17.157 Thread 0x000001e54380da00 16224       3       org.gradle.api.internal.artifacts.transform.TransformStep::lambda$createInvocation$2 (93 bytes)
Event: 17.157 Thread 0x000001e543807440 16225       4       com.google.common.collect.CollectCollectors$$Lambda$254/0x000001e545303098::accept (9 bytes)
Event: 17.158 Thread 0x000001e54380da00 nmethod 16224 0x000001e52db28c10 code [0x000001e52db28fa0, 0x000001e52db2a978]
Event: 17.158 Thread 0x000001e54380da00 16226   !   3       org.gradle.internal.file.nio.NioFileMetadataAccessor::stat (155 bytes)
Event: 17.159 Thread 0x000001e54380da00 nmethod 16226 0x000001e52dc46b90 code [0x000001e52dc46f60, 0x000001e52dc48828]
Event: 17.159 Thread 0x000001e54380da00 16227       3       org.gradle.api.internal.artifacts.DefaultResolvableArtifact::getFile (22 bytes)
Event: 17.159 Thread 0x000001e54380da00 nmethod 16227 0x000001e52cef0f10 code [0x000001e52cef1100, 0x000001e52cef1628]
Event: 17.161 Thread 0x000001e54380da00 16228       3       org.gradle.internal.vfs.impl.DefaultFileSystemAccess$$Lambda$664/0x000001e545540220::<init> (10 bytes)
Event: 17.161 Thread 0x000001e54380da00 nmethod 16228 0x000001e52cebce10 code [0x000001e52cebcfa0, 0x000001e52cebd158]
Event: 17.162 Thread 0x000001e543807440 nmethod 16225 0x000001e534d9e190 code [0x000001e534d9e320, 0x000001e534d9e998]
Event: 17.165 Thread 0x000001e54380da00 16229       3       org.gradle.api.internal.file.FilteredFileCollection$$Lambda$1085/0x000001e5456a6760::apply (14 bytes)
Event: 17.165 Thread 0x000001e54380da00 nmethod 16229 0x000001e52ced0710 code [0x000001e52ced08c0, 0x000001e52ced0b88]
Event: 17.167 Thread 0x000001e54380da00 16230       3       java.io.File::createNewFile (44 bytes)
Event: 17.167 Thread 0x000001e54380da00 nmethod 16230 0x000001e52cf8c390 code [0x000001e52cf8c580, 0x000001e52cf8c9f8]
Event: 17.168 Thread 0x000001e54380da00 16231       3       org.gradle.cache.internal.DefaultFileLockManager::determineLockTargetFile (72 bytes)
Event: 17.169 Thread 0x000001e54380da00 nmethod 16231 0x000001e52dabcb10 code [0x000001e52dabce60, 0x000001e52dabe0b8]
Event: 17.170 Thread 0x000001e54380da00 16232       3       org.gradle.internal.vfs.impl.DefaultFileSystemAccess::lambda$snapshotAndReuse$11 (206 bytes)
Event: 17.171 Thread 0x000001e54380da00 nmethod 16232 0x000001e52d145210 code [0x000001e52d145620, 0x000001e52d147538]

GC Heap History (20 events):
Event: 13.294 GC heap after
{Heap after GC invocations=40 (full 0):
 garbage-first heap   total 248832K, used 117622K [0x0000000080000000, 0x0000000100000000)
  region size 1024K, 3 young (3072K), 3 survivors (3072K)
 Metaspace       used 99743K, committed 100928K, reserved 557056K
  class space    used 14049K, committed 14592K, reserved 425984K
}
Event: 13.363 GC heap before
{Heap before GC invocations=40 (full 0):
 garbage-first heap   total 248832K, used 125814K [0x0000000080000000, 0x0000000100000000)
  region size 1024K, 12 young (12288K), 3 survivors (3072K)
 Metaspace       used 100337K, committed 101568K, reserved 557056K
  class space    used 14149K, committed 14720K, reserved 425984K
}
Event: 13.365 GC heap after
{Heap after GC invocations=41 (full 0):
 garbage-first heap   total 248832K, used 117218K [0x0000000080000000, 0x0000000100000000)
  region size 1024K, 1 young (1024K), 1 survivors (1024K)
 Metaspace       used 100337K, committed 101568K, reserved 557056K
  class space    used 14149K, committed 14720K, reserved 425984K
}
Event: 13.960 GC heap before
{Heap before GC invocations=41 (full 0):
 garbage-first heap   total 248832K, used 203234K [0x0000000080000000, 0x0000000100000000)
  region size 1024K, 85 young (87040K), 1 survivors (1024K)
 Metaspace       used 104549K, committed 105792K, reserved 557056K
  class space    used 14692K, committed 15296K, reserved 425984K
}
Event: 13.966 GC heap after
{Heap after GC invocations=42 (full 0):
 garbage-first heap   total 248832K, used 122027K [0x0000000080000000, 0x0000000100000000)
  region size 1024K, 6 young (6144K), 6 survivors (6144K)
 Metaspace       used 104549K, committed 105792K, reserved 557056K
  class space    used 14692K, committed 15296K, reserved 425984K
}
Event: 14.769 GC heap before
{Heap before GC invocations=43 (full 0):
 garbage-first heap   total 248832K, used 203947K [0x0000000080000000, 0x0000000100000000)
  region size 1024K, 86 young (88064K), 6 survivors (6144K)
 Metaspace       used 107005K, committed 108352K, reserved 557056K
  class space    used 15094K, committed 15744K, reserved 425984K
}
Event: 14.776 GC heap after
{Heap after GC invocations=44 (full 0):
 garbage-first heap   total 248832K, used 129992K [0x0000000080000000, 0x0000000100000000)
  region size 1024K, 11 young (11264K), 11 survivors (11264K)
 Metaspace       used 107005K, committed 108352K, reserved 557056K
  class space    used 15094K, committed 15744K, reserved 425984K
}
Event: 14.787 GC heap before
{Heap before GC invocations=44 (full 0):
 garbage-first heap   total 248832K, used 131016K [0x0000000080000000, 0x0000000100000000)
  region size 1024K, 12 young (12288K), 11 survivors (11264K)
 Metaspace       used 107063K, committed 108352K, reserved 557056K
  class space    used 15102K, committed 15744K, reserved 425984K
}
Event: 14.793 GC heap after
{Heap after GC invocations=45 (full 0):
 garbage-first heap   total 248832K, used 130719K [0x0000000080000000, 0x0000000100000000)
  region size 1024K, 2 young (2048K), 2 survivors (2048K)
 Metaspace       used 107063K, committed 108352K, reserved 557056K
  class space    used 15102K, committed 15744K, reserved 425984K
}
Event: 15.392 GC heap before
{Heap before GC invocations=45 (full 0):
 garbage-first heap   total 248832K, used 203423K [0x0000000080000000, 0x0000000100000000)
  region size 1024K, 74 young (75776K), 2 survivors (2048K)
 Metaspace       used 107913K, committed 109312K, reserved 557056K
  class space    used 15184K, committed 15872K, reserved 425984K
}
Event: 15.397 GC heap after
{Heap after GC invocations=46 (full 0):
 garbage-first heap   total 248832K, used 138450K [0x0000000080000000, 0x0000000100000000)
  region size 1024K, 9 young (9216K), 9 survivors (9216K)
 Metaspace       used 107913K, committed 109312K, reserved 557056K
  class space    used 15184K, committed 15872K, reserved 425984K
}
Event: 15.766 GC heap before
{Heap before GC invocations=47 (full 0):
 garbage-first heap   total 265216K, used 201938K [0x0000000080000000, 0x0000000100000000)
  region size 1024K, 72 young (73728K), 9 survivors (9216K)
 Metaspace       used 107918K, committed 109312K, reserved 557056K
  class space    used 15184K, committed 15872K, reserved 425984K
}
Event: 15.774 GC heap after
{Heap after GC invocations=48 (full 0):
 garbage-first heap   total 265216K, used 142446K [0x0000000080000000, 0x0000000100000000)
  region size 1024K, 4 young (4096K), 4 survivors (4096K)
 Metaspace       used 107918K, committed 109312K, reserved 557056K
  class space    used 15184K, committed 15872K, reserved 425984K
}
Event: 15.833 GC heap before
{Heap before GC invocations=48 (full 0):
 garbage-first heap   total 265216K, used 147566K [0x0000000080000000, 0x0000000100000000)
  region size 1024K, 10 young (10240K), 4 survivors (4096K)
 Metaspace       used 108065K, committed 109440K, reserved 557056K
  class space    used 15210K, committed 15872K, reserved 425984K
}
Event: 15.837 GC heap after
{Heap after GC invocations=49 (full 0):
 garbage-first heap   total 265216K, used 143099K [0x0000000080000000, 0x0000000100000000)
  region size 1024K, 5 young (5120K), 5 survivors (5120K)
 Metaspace       used 108065K, committed 109440K, reserved 557056K
  class space    used 15210K, committed 15872K, reserved 425984K
}
Event: 16.584 GC heap before
{Heap before GC invocations=50 (full 0):
 garbage-first heap   total 265216K, used 222971K [0x0000000080000000, 0x0000000100000000)
  region size 1024K, 79 young (80896K), 5 survivors (5120K)
 Metaspace       used 110546K, committed 112128K, reserved 557056K
  class space    used 15504K, committed 16256K, reserved 425984K
}
Event: 16.591 GC heap after
{Heap after GC invocations=51 (full 0):
 garbage-first heap   total 265216K, used 157938K [0x0000000080000000, 0x0000000100000000)
  region size 1024K, 10 young (10240K), 10 survivors (10240K)
 Metaspace       used 110546K, committed 112128K, reserved 557056K
  class space    used 15504K, committed 16256K, reserved 425984K
}
Event: 16.595 GC heap before
{Heap before GC invocations=51 (full 0):
 garbage-first heap   total 265216K, used 159986K [0x0000000080000000, 0x0000000100000000)
  region size 1024K, 12 young (12288K), 10 survivors (10240K)
 Metaspace       used 110546K, committed 112128K, reserved 557056K
  class space    used 15504K, committed 16256K, reserved 425984K
}
Event: 16.600 GC heap after
{Heap after GC invocations=52 (full 0):
 garbage-first heap   total 265216K, used 158852K [0x0000000080000000, 0x0000000100000000)
  region size 1024K, 2 young (2048K), 2 survivors (2048K)
 Metaspace       used 110546K, committed 112128K, reserved 557056K
  class space    used 15504K, committed 16256K, reserved 425984K
}
Event: 17.174 GC heap before
{Heap before GC invocations=52 (full 0):
 garbage-first heap   total 265216K, used 218244K [0x0000000080000000, 0x0000000100000000)
  region size 1024K, 61 young (62464K), 2 survivors (2048K)
 Metaspace       used 111303K, committed 112896K, reserved 557056K
  class space    used 15627K, committed 16384K, reserved 425984K
}

Dll operation events (15 events):
Event: 0.005 Loaded shared library C:\Program Files\Microsoft\jdk-17\bin\java.dll
Event: 0.015 Loaded shared library C:\Program Files\Microsoft\jdk-17\bin\jsvml.dll
Event: 0.040 Loaded shared library C:\Program Files\Microsoft\jdk-17\bin\zip.dll
Event: 0.041 Loaded shared library C:\Program Files\Microsoft\jdk-17\bin\instrument.dll
Event: 0.044 Loaded shared library C:\Program Files\Microsoft\jdk-17\bin\net.dll
Event: 0.044 Loaded shared library C:\Program Files\Microsoft\jdk-17\bin\nio.dll
Event: 0.046 Loaded shared library C:\Program Files\Microsoft\jdk-17\bin\zip.dll
Event: 0.192 Loaded shared library C:\Program Files\Microsoft\jdk-17\bin\jimage.dll
Event: 0.308 Loaded shared library C:\Program Files\Microsoft\jdk-17\bin\verify.dll
Event: 0.331 Loaded shared library C:\GradleCache\native\660c5614fbf4a5f2a75b1949f50a0caf5cd603558e7d8a26e50b933a0cfb79d1\windows-amd64\native-platform.dll
Event: 0.340 Loaded shared library C:\GradleCache\native\0.2.8\x86_64-windows-gnu\gradle-fileevents.dll
Event: 0.891 Loaded shared library C:\Program Files\Microsoft\jdk-17\bin\management.dll
Event: 0.892 Loaded shared library C:\Program Files\Microsoft\jdk-17\bin\management_ext.dll
Event: 1.013 Loaded shared library C:\Program Files\Microsoft\jdk-17\bin\extnet.dll
Event: 1.143 Loaded shared library C:\Program Files\Microsoft\jdk-17\bin\sunmscapi.dll

Deoptimization events (20 events):
Event: 16.634 Thread 0x000001e564b65fb0 DEOPT PACKING pc=0x000001e53518b9fc sp=0x00000087c6ef79c0
Event: 16.634 Thread 0x000001e564b65fb0 DEOPT UNPACKING pc=0x000001e5343a69a3 sp=0x00000087c6ef7980 mode 2
Event: 16.634 Thread 0x000001e564b65fb0 Uncommon trap: trap_request=0xffffffbe fr.pc=0x000001e53518b9fc relative=0x0000000000000cbc
Event: 16.634 Thread 0x000001e564b65fb0 Uncommon trap: reason=profile_predicate action=maybe_recompile pc=0x000001e53518b9fc method=org.gradle.api.internal.attributes.DefaultAttributesFactory.concat(Lorg/gradle/api/internal/attributes/ImmutableAttributes;Lorg/gradle/api/internal/attributes/Immu
Event: 16.634 Thread 0x000001e564b65fb0 DEOPT PACKING pc=0x000001e53518b9fc sp=0x00000087c6ef79c0
Event: 16.634 Thread 0x000001e564b65fb0 DEOPT UNPACKING pc=0x000001e5343a69a3 sp=0x00000087c6ef7980 mode 2
Event: 16.695 Thread 0x000001e564b65fb0 Uncommon trap: trap_request=0xffffffd6 fr.pc=0x000001e535209dc8 relative=0x0000000000000788
Event: 16.695 Thread 0x000001e564b65fb0 Uncommon trap: reason=array_check action=maybe_recompile pc=0x000001e535209dc8 method=java.util.ComparableTimSort.binarySort([Ljava/lang/Object;III)V @ 215 c2
Event: 16.695 Thread 0x000001e564b65fb0 DEOPT PACKING pc=0x000001e535209dc8 sp=0x00000087c6ef7880
Event: 16.695 Thread 0x000001e564b65fb0 DEOPT UNPACKING pc=0x000001e5343a69a3 sp=0x00000087c6ef7820 mode 2
Event: 16.696 Thread 0x000001e56849a200 DEOPT PACKING pc=0x000001e52e88591e sp=0x00000087c86fcf70
Event: 16.696 Thread 0x000001e56849a200 DEOPT UNPACKING pc=0x000001e5343a7143 sp=0x00000087c86fc400 mode 0
Event: 16.700 Thread 0x000001e56849e3d0 DEOPT PACKING pc=0x000001e52e88591e sp=0x00000087c8ffd060
Event: 16.700 Thread 0x000001e56849e3d0 DEOPT UNPACKING pc=0x000001e5343a7143 sp=0x00000087c8ffc4f0 mode 0
Event: 16.704 Thread 0x000001e56849f300 DEOPT PACKING pc=0x000001e52e88591e sp=0x00000087c8cfd170
Event: 16.704 Thread 0x000001e56849f300 DEOPT UNPACKING pc=0x000001e5343a7143 sp=0x00000087c8cfc600 mode 0
Event: 17.165 Thread 0x000001e564b65fb0 Uncommon trap: trap_request=0xffffffd6 fr.pc=0x000001e535209fd0 relative=0x0000000000000990
Event: 17.165 Thread 0x000001e564b65fb0 Uncommon trap: reason=array_check action=maybe_recompile pc=0x000001e535209fd0 method=java.util.ComparableTimSort.binarySort([Ljava/lang/Object;III)V @ 183 c2
Event: 17.165 Thread 0x000001e564b65fb0 DEOPT PACKING pc=0x000001e535209fd0 sp=0x00000087c6ef55f0
Event: 17.165 Thread 0x000001e564b65fb0 DEOPT UNPACKING pc=0x000001e5343a69a3 sp=0x00000087c6ef5590 mode 2

Classes loaded (20 events):
Event: 16.543 Loading class com/sun/org/apache/xerces/internal/impl/Constants
Event: 16.543 Loading class com/sun/org/apache/xerces/internal/impl/Constants done
Event: 16.543 Loading class com/sun/org/apache/xerces/internal/impl/Constants$ArrayEnumeration
Event: 16.543 Loading class com/sun/org/apache/xerces/internal/impl/Constants$ArrayEnumeration done
Event: 16.544 Loading class com/sun/org/apache/xerces/internal/impl/io/MalformedByteSequenceException
Event: 16.544 Loading class java/io/CharConversionException
Event: 16.544 Loading class java/io/CharConversionException done
Event: 16.544 Loading class com/sun/org/apache/xerces/internal/impl/io/MalformedByteSequenceException done
Event: 16.544 Loading class com/sun/org/apache/xerces/internal/dom/DeepNodeListImpl
Event: 16.544 Loading class com/sun/org/apache/xerces/internal/dom/DeepNodeListImpl done
Event: 16.544 Loading class com/sun/org/apache/xerces/internal/dom/DeferredElementImpl
Event: 16.544 Loading class com/sun/org/apache/xerces/internal/dom/DeferredElementImpl done
Event: 16.545 Loading class com/sun/org/apache/xerces/internal/dom/AttributeMap
Event: 16.545 Loading class com/sun/org/apache/xerces/internal/dom/NamedNodeMapImpl
Event: 16.545 Loading class com/sun/org/apache/xerces/internal/dom/NamedNodeMapImpl done
Event: 16.545 Loading class com/sun/org/apache/xerces/internal/dom/AttributeMap done
Event: 16.545 Loading class com/sun/org/apache/xerces/internal/dom/DeferredAttrImpl
Event: 16.545 Loading class com/sun/org/apache/xerces/internal/dom/AttrImpl
Event: 16.545 Loading class com/sun/org/apache/xerces/internal/dom/AttrImpl done
Event: 16.545 Loading class com/sun/org/apache/xerces/internal/dom/DeferredAttrImpl done

Classes unloaded (0 events):
No events

Classes redefined (0 events):
No events

Internal exceptions (20 events):
Event: 16.194 Thread 0x000001e564b65fb0 Exception <a 'java/lang/ClassNotFoundException'{0x000000008e2869c8}: org/gradle/api/internal/artifacts/dependencies/DefaultProjectDependencyBeanInfo> (0x000000008e2869c8) 
thrown [s\src\hotspot\share\classfile\systemDictionary.cpp, line 256]
Event: 16.195 Thread 0x000001e564b65fb0 Exception <a 'java/lang/ClassNotFoundException'{0x000000008e2a39e8}: org/gradle/api/internal/artifacts/dependencies/AbstractModuleDependencyBeanInfo> (0x000000008e2a39e8) 
thrown [s\src\hotspot\share\classfile\systemDictionary.cpp, line 256]
Event: 16.196 Thread 0x000001e564b65fb0 Exception <a 'java/lang/ClassNotFoundException'{0x000000008e2c0500}: org/gradle/api/internal/artifacts/dependencies/AbstractModuleDependencyCustomizer> (0x000000008e2c0500) 
thrown [s\src\hotspot\share\classfile\systemDictionary.cpp, line 256]
Event: 16.197 Thread 0x000001e564b65fb0 Exception <a 'java/lang/ClassNotFoundException'{0x000000008e2fcd20}: org/gradle/api/internal/artifacts/dependencies/DefaultProjectDependencyCustomizer> (0x000000008e2fcd20) 
thrown [s\src\hotspot\share\classfile\systemDictionary.cpp, line 256]
Event: 16.197 Thread 0x000001e564b65fb0 Exception <a 'java/lang/ClassNotFoundException'{0x000000008e12bfe0}: org/gradle/api/internal/artifacts/dependencies/DefaultProjectDependency_DecoratedCustomizer> (0x000000008e12bfe0) 
thrown [s\src\hotspot\share\classfile\systemDictionary.cpp, line 256]
Event: 16.344 Thread 0x000001e564b65fb0 Exception <a 'java/lang/ClassNotFoundException'{0x000000008d235730}: build_auwl2zfw3kqcajv1rjqdkens5BeanInfo> (0x000000008d235730) 
thrown [s\src\hotspot\share\classfile\systemDictionary.cpp, line 256]
Event: 16.345 Thread 0x000001e564b65fb0 Exception <a 'java/lang/ClassNotFoundException'{0x000000008d23ce28}: build_auwl2zfw3kqcajv1rjqdkens5Customizer> (0x000000008d23ce28) 
thrown [s\src\hotspot\share\classfile\systemDictionary.cpp, line 256]
Event: 16.364 Thread 0x000001e564b65fb0 Exception <a 'java/lang/ClassNotFoundException'{0x000000008d06cd98}: build_auwl2zfw3kqcajv1rjqdkens5$_run_closure1BeanInfo> (0x000000008d06cd98) 
thrown [s\src\hotspot\share\classfile\systemDictionary.cpp, line 256]
Event: 16.364 Thread 0x000001e564b65fb0 Exception <a 'java/lang/ClassNotFoundException'{0x000000008d078d90}: build_auwl2zfw3kqcajv1rjqdkens5$_run_closure1Customizer> (0x000000008d078d90) 
thrown [s\src\hotspot\share\classfile\systemDictionary.cpp, line 256]
Event: 16.428 Thread 0x000001e564b65fb0 Exception <a 'java/lang/ClassNotFoundException'{0x000000008cb58fe8}: build_6gz07dko88ez7l3zy9rfrhe30BeanInfo> (0x000000008cb58fe8) 
thrown [s\src\hotspot\share\classfile\systemDictionary.cpp, line 256]
Event: 16.428 Thread 0x000001e564b65fb0 Exception <a 'java/lang/ClassNotFoundException'{0x000000008cb606e8}: build_6gz07dko88ez7l3zy9rfrhe30Customizer> (0x000000008cb606e8) 
thrown [s\src\hotspot\share\classfile\systemDictionary.cpp, line 256]
Event: 16.445 Thread 0x000001e564b65fb0 Exception <a 'java/lang/ClassNotFoundException'{0x000000008cbf8f58}: build_6gz07dko88ez7l3zy9rfrhe30BeanInfo> (0x000000008cbf8f58) 
thrown [s\src\hotspot\share\classfile\systemDictionary.cpp, line 256]
Event: 16.445 Thread 0x000001e564b65fb0 Exception <a 'java/lang/ClassNotFoundException'{0x000000008ca475d8}: build_6gz07dko88ez7l3zy9rfrhe30Customizer> (0x000000008ca475d8) 
thrown [s\src\hotspot\share\classfile\systemDictionary.cpp, line 256]
Event: 16.462 Thread 0x000001e564b65fb0 Exception <a 'java/lang/ClassNotFoundException'{0x000000008c8222b0}: build_6gz07dko88ez7l3zy9rfrhe30$_run_closure1BeanInfo> (0x000000008c8222b0) 
thrown [s\src\hotspot\share\classfile\systemDictionary.cpp, line 256]
Event: 16.463 Thread 0x000001e564b65fb0 Exception <a 'java/lang/ClassNotFoundException'{0x000000008c82e2a8}: build_6gz07dko88ez7l3zy9rfrhe30$_run_closure1Customizer> (0x000000008c82e2a8) 
thrown [s\src\hotspot\share\classfile\systemDictionary.cpp, line 256]
Event: 16.790 Thread 0x000001e564b65fb0 Exception <a 'java/lang/NoSuchMethodError'{0x000000008e294db0}: 'void java.lang.invoke.DirectMethodHandle$Holder.invokeSpecial(java.lang.Object, java.lang.Object, java.lang.Object, java.lang.Object, java.lang.Object, java.lang.Object, java.lang.Object, java.lang.Object, java.lang.Object)'> (0x000000008e294db0) 
thrown [s\src\hotspot\share\interpreter\linkResolver.cpp, line 759]
Event: 17.105 Thread 0x000001e564b65fb0 Exception <a 'java/lang/ClassNotFoundException'{0x000000008cdfa648}: com/android/build/gradle/internal/dsl/PrefabImpl_DecoratedBeanInfo> (0x000000008cdfa648) 
thrown [s\src\hotspot\share\classfile\systemDictionary.cpp, line 256]
Event: 17.105 Thread 0x000001e564b65fb0 Exception <a 'java/lang/ClassNotFoundException'{0x000000008cc0cf80}: com/android/build/gradle/internal/dsl/PrefabImplBeanInfo> (0x000000008cc0cf80) 
thrown [s\src\hotspot\share\classfile\systemDictionary.cpp, line 256]
Event: 17.106 Thread 0x000001e564b65fb0 Exception <a 'java/lang/ClassNotFoundException'{0x000000008cc1eeb0}: com/android/build/gradle/internal/dsl/PrefabImplCustomizer> (0x000000008cc1eeb0) 
thrown [s\src\hotspot\share\classfile\systemDictionary.cpp, line 256]
Event: 17.106 Thread 0x000001e564b65fb0 Exception <a 'java/lang/ClassNotFoundException'{0x000000008cc36eb0}: com/android/build/gradle/internal/dsl/PrefabImpl_DecoratedCustomizer> (0x000000008cc36eb0) 
thrown [s\src\hotspot\share\classfile\systemDictionary.cpp, line 256]

VM Operations (20 events):
Event: 16.146 Executing VM operation: HandshakeAllThreads done
Event: 16.311 Executing VM operation: ICBufferFull
Event: 16.312 Executing VM operation: ICBufferFull done
Event: 16.506 Executing VM operation: HandshakeAllThreads
Event: 16.506 Executing VM operation: HandshakeAllThreads done
Event: 16.584 Executing VM operation: G1CollectForAllocation
Event: 16.591 Executing VM operation: G1CollectForAllocation done
Event: 16.595 Executing VM operation: G1CollectForAllocation
Event: 16.600 Executing VM operation: G1CollectForAllocation done
Event: 16.780 Executing VM operation: HandshakeAllThreads
Event: 16.780 Executing VM operation: HandshakeAllThreads done
Event: 16.784 Executing VM operation: HandshakeAllThreads
Event: 16.784 Executing VM operation: HandshakeAllThreads done
Event: 16.849 Executing VM operation: ICBufferFull
Event: 16.849 Executing VM operation: ICBufferFull done
Event: 16.951 Executing VM operation: HandshakeAllThreads
Event: 16.951 Executing VM operation: HandshakeAllThreads done
Event: 17.130 Executing VM operation: HandshakeAllThreads
Event: 17.130 Executing VM operation: HandshakeAllThreads done
Event: 17.174 Executing VM operation: G1CollectForAllocation

Memory protections (0 events):
No events

Nmethod flushes (20 events):
Event: 17.140 Thread 0x000001e54380fac0 flushing  nmethod 0x000001e52e4c8190
Event: 17.140 Thread 0x000001e54380fac0 flushing  nmethod 0x000001e52e528690
Event: 17.140 Thread 0x000001e54380fac0 flushing  nmethod 0x000001e52e528c90
Event: 17.140 Thread 0x000001e54380fac0 flushing  nmethod 0x000001e52e531690
Event: 17.140 Thread 0x000001e54380fac0 flushing  nmethod 0x000001e52e53af90
Event: 17.140 Thread 0x000001e54380fac0 flushing  nmethod 0x000001e52e53ed10
Event: 17.140 Thread 0x000001e54380fac0 flushing  nmethod 0x000001e52e542690
Event: 17.141 Thread 0x000001e54380fac0 flushing  nmethod 0x000001e52e5a5590
Event: 17.141 Thread 0x000001e54380fac0 flushing  nmethod 0x000001e52e5fd910
Event: 17.141 Thread 0x000001e54380fac0 flushing  nmethod 0x000001e52e6b8310
Event: 17.141 Thread 0x000001e54380fac0 flushing  nmethod 0x000001e52e6f5b90
Event: 17.141 Thread 0x000001e54380fac0 flushing  nmethod 0x000001e52e6fdf90
Event: 17.141 Thread 0x000001e54380fac0 flushing  nmethod 0x000001e52e72f510
Event: 17.141 Thread 0x000001e54380fac0 flushing  nmethod 0x000001e52e730e90
Event: 17.141 Thread 0x000001e54380fac0 flushing  nmethod 0x000001e52e774310
Event: 17.141 Thread 0x000001e54380fac0 flushing  nmethod 0x000001e52e794b90
Event: 17.141 Thread 0x000001e54380fac0 flushing  nmethod 0x000001e52e7c7190
Event: 17.141 Thread 0x000001e54380fac0 flushing  nmethod 0x000001e52e7c7510
Event: 17.142 Thread 0x000001e54380fac0 flushing osr nmethod 0x000001e52e884b10
Event: 17.142 Thread 0x000001e54380fac0 flushing  nmethod 0x000001e52e885390

Events (20 events):
Event: 8.571 Thread 0x000001e564b65fb0 Thread added: 0x000001e569168ab0
Event: 8.571 Thread 0x000001e564b65fb0 Thread added: 0x000001e56916cc80
Event: 8.571 Thread 0x000001e564b65fb0 Thread added: 0x000001e56916c260
Event: 8.572 Thread 0x000001e564b65fb0 Thread added: 0x000001e56916c770
Event: 8.648 Thread 0x000001e564b65fb0 Thread added: 0x000001e56916d190
Event: 8.806 Thread 0x000001e564b65fb0 Thread added: 0x000001e56916dbb0
Event: 9.213 Thread 0x000001e5655e0350 Thread added: 0x000001e56916e0c0
Event: 9.213 Thread 0x000001e5655e0350 Thread added: 0x000001e56916e5d0
Event: 9.213 Thread 0x000001e5655e0350 Thread added: 0x000001e56916eae0
Event: 9.994 Thread 0x000001e564b65fb0 Thread added: 0x000001e569bc0490
Event: 10.076 Thread 0x000001e564b65fb0 Thread added: 0x000001e569bc09a0
Event: 10.085 Thread 0x000001e564b65fb0 Thread added: 0x000001e569bbe630
Event: 11.500 Thread 0x000001e564b65fb0 Thread added: 0x000001e569bbfa70
Event: 11.911 Thread 0x000001e564b65fb0 Thread added: 0x000001e569bc18d0
Event: 11.915 Thread 0x000001e564b65fb0 Thread added: 0x000001e569bbf050
Event: 13.453 Thread 0x000001e569cf51d0 Thread exited: 0x000001e569cf51d0
Event: 13.591 Thread 0x000001e54380da00 Thread added: 0x000001e569cfc160
Event: 15.945 Thread 0x000001e564b65fb0 Thread added: 0x000001e569bc5080
Event: 15.953 Thread 0x000001e569bc5080 Thread added: 0x000001e5691699e0
Event: 15.953 Thread 0x000001e569bc5080 Thread added: 0x000001e56f1b5340


Dynamic libraries:
0x00007ff6c9b20000 - 0x00007ff6c9b2e000 	C:\Program Files\Microsoft\jdk-17\bin\java.exe
0x00007ff905c80000 - 0x00007ff905ee6000 	C:\WINDOWS\SYSTEM32\ntdll.dll
0x00007ff905940000 - 0x00007ff905a09000 	C:\WINDOWS\System32\KERNEL32.DLL
0x00007ff903180000 - 0x00007ff90357a000 	C:\WINDOWS\System32\KERNELBASE.dll
0x00007ff9036c0000 - 0x00007ff90380c000 	C:\WINDOWS\System32\ucrtbase.dll
0x00007ff8b9970000 - 0x00007ff8b998d000 	C:\Program Files\Microsoft\jdk-17\bin\VCRUNTIME140.dll
0x00007ff8b1e40000 - 0x00007ff8b1e57000 	C:\Program Files\Microsoft\jdk-17\bin\jli.dll
0x00007ff904c40000 - 0x00007ff904e07000 	C:\WINDOWS\System32\USER32.dll
0x00007ff903090000 - 0x00007ff9030b7000 	C:\WINDOWS\System32\win32u.dll
0x00007ff904920000 - 0x00007ff90494b000 	C:\WINDOWS\System32\GDI32.dll
0x00007ff8e9820000 - 0x00007ff8e9ab2000 	C:\WINDOWS\WinSxS\amd64_microsoft.windows.common-controls_6595b64144ccf1df_6.0.26100.8521_none_3e08b75ce33403b3\COMCTL32.dll
0x00007ff903810000 - 0x00007ff90393b000 	C:\WINDOWS\System32\gdi32full.dll
0x00007ff903610000 - 0x00007ff9036b3000 	C:\WINDOWS\System32\msvcp_win.dll
0x00007ff903bf0000 - 0x00007ff903c99000 	C:\WINDOWS\System32\msvcrt.dll
0x00007ff903ca0000 - 0x00007ff903cd2000 	C:\WINDOWS\System32\IMM32.DLL
0x00007ff8f1d20000 - 0x00007ff8f1d2c000 	C:\Program Files\Microsoft\jdk-17\bin\vcruntime140_1.dll
0x00007ff86b5b0000 - 0x00007ff86b63d000 	C:\Program Files\Microsoft\jdk-17\bin\msvcp140.dll
0x00007ff8205b0000 - 0x00007ff821221000 	C:\Program Files\Microsoft\jdk-17\bin\server\jvm.dll
0x00007ff903f60000 - 0x00007ff904016000 	C:\WINDOWS\System32\ADVAPI32.dll
0x00007ff904710000 - 0x00007ff9047ba000 	C:\WINDOWS\System32\sechost.dll
0x00007ff903ce0000 - 0x00007ff903df8000 	C:\WINDOWS\System32\RPCRT4.dll
0x00007ff905b30000 - 0x00007ff905bb0000 	C:\WINDOWS\System32\WS2_32.dll
0x00007ff902d70000 - 0x00007ff902dce000 	C:\WINDOWS\SYSTEM32\POWRPROF.dll
0x00007ff8f7980000 - 0x00007ff8f79b6000 	C:\WINDOWS\SYSTEM32\WINMM.dll
0x00007ff8eb520000 - 0x00007ff8eb52b000 	C:\WINDOWS\SYSTEM32\VERSION.dll
0x00007ff902d50000 - 0x00007ff902d64000 	C:\WINDOWS\SYSTEM32\UMPDC.dll
0x00007ff901ca0000 - 0x00007ff901cbb000 	C:\WINDOWS\SYSTEM32\kernel.appcore.dll
0x00007ff8ed070000 - 0x00007ff8ed07a000 	C:\Program Files\Microsoft\jdk-17\bin\jimage.dll
0x00007ff900630000 - 0x00007ff900872000 	C:\WINDOWS\SYSTEM32\DBGHELP.DLL
0x00007ff9055a0000 - 0x00007ff905923000 	C:\WINDOWS\System32\combase.dll
0x00007ff904970000 - 0x00007ff904a49000 	C:\WINDOWS\System32\OLEAUT32.dll
0x00007ff8e6260000 - 0x00007ff8e629b000 	C:\WINDOWS\SYSTEM32\dbgcore.DLL
0x00007ff903940000 - 0x00007ff9039e8000 	C:\WINDOWS\System32\bcryptPrimitives.dll
0x00007ff8f1ce0000 - 0x00007ff8f1cee000 	C:\Program Files\Microsoft\jdk-17\bin\instrument.dll
0x00007ff894290000 - 0x00007ff8942b5000 	C:\Program Files\Microsoft\jdk-17\bin\java.dll
0x00007ff8689e0000 - 0x00007ff868ab7000 	C:\Program Files\Microsoft\jdk-17\bin\jsvml.dll
0x00007ff904e10000 - 0x00007ff905594000 	C:\WINDOWS\System32\SHELL32.dll
0x00007ff900b00000 - 0x00007ff901380000 	C:\WINDOWS\SYSTEM32\windows.storage.dll
0x00007ff903af0000 - 0x00007ff903be6000 	C:\WINDOWS\System32\SHCORE.dll
0x00007ff903e60000 - 0x00007ff903ec7000 	C:\WINDOWS\System32\shlwapi.dll
0x00007ff902e30000 - 0x00007ff902e59000 	C:\WINDOWS\SYSTEM32\profapi.dll
0x00007ff898450000 - 0x00007ff898468000 	C:\Program Files\Microsoft\jdk-17\bin\zip.dll
0x00007ff899b10000 - 0x00007ff899b2a000 	C:\Program Files\Microsoft\jdk-17\bin\net.dll
0x00007ff8f7740000 - 0x00007ff8f7869000 	C:\WINDOWS\SYSTEM32\WINHTTP.dll
0x00007ff902210000 - 0x00007ff90227c000 	C:\WINDOWS\system32\mswsock.dll
0x00007ff8991d0000 - 0x00007ff8991e6000 	C:\Program Files\Microsoft\jdk-17\bin\nio.dll
0x00007ff8f22f0000 - 0x00007ff8f2300000 	C:\Program Files\Microsoft\jdk-17\bin\verify.dll
0x00007ff8e8440000 - 0x00007ff8e8467000 	C:\GradleCache\native\660c5614fbf4a5f2a75b1949f50a0caf5cd603558e7d8a26e50b933a0cfb79d1\windows-amd64\native-platform.dll
0x00007ff8d7030000 - 0x00007ff8d70a7000 	C:\GradleCache\native\0.2.8\x86_64-windows-gnu\gradle-fileevents.dll
0x00007ff8fd0e0000 - 0x00007ff8fd0ea000 	C:\Program Files\Microsoft\jdk-17\bin\management.dll
0x00007ff8f2300000 - 0x00007ff8f230b000 	C:\Program Files\Microsoft\jdk-17\bin\management_ext.dll
0x00007ff903ed0000 - 0x00007ff903ed8000 	C:\WINDOWS\System32\PSAPI.DLL
0x00007ff901700000 - 0x00007ff901733000 	C:\WINDOWS\SYSTEM32\IPHLPAPI.DLL
0x00007ff904c30000 - 0x00007ff904c3a000 	C:\WINDOWS\System32\NSI.dll
0x00007ff8f7960000 - 0x00007ff8f797d000 	C:\WINDOWS\SYSTEM32\dhcpcsvc6.DLL
0x00007ff8f7930000 - 0x00007ff8f7955000 	C:\WINDOWS\SYSTEM32\dhcpcsvc.DLL
0x00007ff9017a0000 - 0x00007ff9018ea000 	C:\WINDOWS\SYSTEM32\DNSAPI.dll
0x00007ff902030000 - 0x00007ff90203d000 	C:\WINDOWS\SYSTEM32\DSPARSE.dll
0x00007ff8cd570000 - 0x00007ff8cd579000 	C:\Program Files\Microsoft\jdk-17\bin\extnet.dll
0x00007ff9024f0000 - 0x00007ff90250b000 	C:\WINDOWS\SYSTEM32\CRYPTSP.dll
0x00007ff901c00000 - 0x00007ff901c39000 	C:\WINDOWS\system32\rsaenh.dll
0x00007ff9022c0000 - 0x00007ff9022f3000 	C:\WINDOWS\SYSTEM32\USERENV.dll
0x00007ff902e00000 - 0x00007ff902e2a000 	C:\WINDOWS\SYSTEM32\bcrypt.dll
0x00007ff902510000 - 0x00007ff90251c000 	C:\WINDOWS\SYSTEM32\CRYPTBASE.dll
0x00007ff8cdc90000 - 0x00007ff8cdc9e000 	C:\Program Files\Microsoft\jdk-17\bin\sunmscapi.dll
0x00007ff902f10000 - 0x00007ff903088000 	C:\WINDOWS\System32\CRYPT32.dll
0x00007ff902710000 - 0x00007ff902740000 	C:\WINDOWS\SYSTEM32\ncrypt.dll
0x00007ff9026c0000 - 0x00007ff9026ff000 	C:\WINDOWS\SYSTEM32\NTASN1.dll
0x00007ff8c83a0000 - 0x00007ff8c83a8000 	C:\WINDOWS\system32\wshunix.dll

dbghelp: loaded successfully - version: 4.0.5 - missing functions: none
symbol engine: initialized successfully - sym options: 0x614 - pdb path: .;C:\Program Files\Microsoft\jdk-17\bin;C:\WINDOWS\SYSTEM32;C:\WINDOWS\WinSxS\amd64_microsoft.windows.common-controls_6595b64144ccf1df_6.0.26100.8521_none_3e08b75ce33403b3;C:\Program Files\Microsoft\jdk-17\bin\server;C:\GradleCache\native\660c5614fbf4a5f2a75b1949f50a0caf5cd603558e7d8a26e50b933a0cfb79d1\windows-amd64;C:\GradleCache\native\0.2.8\x86_64-windows-gnu

VM Arguments:
jvm_args: --add-opens=java.base/java.lang=ALL-UNNAMED --add-opens=java.base/java.lang.invoke=ALL-UNNAMED --add-opens=java.base/java.util=ALL-UNNAMED --add-opens=java.prefs/java.util.prefs=ALL-UNNAMED --add-exports=jdk.compiler/com.sun.tools.javac.api=ALL-UNNAMED --add-exports=jdk.compiler/com.sun.tools.javac.util=ALL-UNNAMED --add-opens=java.base/java.util=ALL-UNNAMED --add-opens=java.prefs/java.util.prefs=ALL-UNNAMED --add-opens=java.base/java.nio.charset=ALL-UNNAMED --add-opens=java.base/java.net=ALL-UNNAMED --add-opens=java.base/java.util.concurrent=ALL-UNNAMED --add-opens=java.base/java.util.concurrent.atomic=ALL-UNNAMED --add-opens=java.xml/javax.xml.namespace=ALL-UNNAMED --add-opens=java.base/java.time=ALL-UNNAMED -XX:MaxMetaspaceSize=512m -Xmx2g -Dfile.encoding=windows-1252 -Duser.country=IN -Duser.language=en -Duser.variant -javaagent:C:\GradleCache\wrapper\dists\gradle-9.3.1-bin\23ovyewtku6u96viwx3xl3oks\gradle-9.3.1\lib\agents\gradle-instrumentation-agent-9.3.1.jar 
java_command: org.gradle.launcher.daemon.bootstrap.GradleDaemon 9.3.1
java_class_path (initial): C:\GradleCache\wrapper\dists\gradle-9.3.1-bin\23ovyewtku6u96viwx3xl3oks\gradle-9.3.1\lib\gradle-daemon-main-9.3.1.jar
Launcher Type: SUN_STANDARD

[Global flags]
     intx CICompilerCount                          = 4                                         {product} {ergonomic}
   size_t CompressedClassSpaceSize                 = 436207616                                 {product} {ergonomic}
     uint ConcGCThreads                            = 2                                         {product} {ergonomic}
     uint G1ConcRefinementThreads                  = 8                                         {product} {ergonomic}
   size_t G1HeapRegionSize                         = 1048576                                   {product} {ergonomic}
    uintx GCDrainStackTargetSize                   = 64                                        {product} {ergonomic}
   size_t InitialHeapSize                          = 264241152                                 {product} {ergonomic}
   size_t MarkStackSize                            = 4194304                                   {product} {ergonomic}
   size_t MaxHeapSize                              = 2147483648                                {product} {command line}
   size_t MaxMetaspaceSize                         = 536870912                                 {product} {command line}
   size_t MaxNewSize                               = 1287651328                                {product} {ergonomic}
   size_t MinHeapDeltaBytes                        = 1048576                                   {product} {ergonomic}
   size_t MinHeapSize                              = 8388608                                   {product} {ergonomic}
    uintx NonNMethodCodeHeapSize                   = 5839372                                {pd product} {ergonomic}
    uintx NonProfiledCodeHeapSize                  = 122909434                              {pd product} {ergonomic}
    uintx ProfiledCodeHeapSize                     = 122909434                              {pd product} {ergonomic}
    uintx ReservedCodeCacheSize                    = 251658240                              {pd product} {ergonomic}
     bool SegmentedCodeCache                       = true                                      {product} {ergonomic}
   size_t SoftMaxHeapSize                          = 2147483648                             {manageable} {ergonomic}
     bool UseCompressedClassPointers               = true                           {product lp64_product} {ergonomic}
     bool UseCompressedOops                        = true                           {product lp64_product} {ergonomic}
     bool UseG1GC                                  = true                                      {product} {ergonomic}
     bool UseLargePagesIndividualAllocation        = false                                  {pd product} {ergonomic}

Logging:
Log output configuration:
 #0: stdout all=warning uptime,level,tags
 #1: stderr all=off uptime,level,tags

Environment Variables:
JAVA_HOME=C:\Program Files\Microsoft\jdk-17
PATH=c:\Users\shail\AppData\Roaming\Code\User\globalStorage\github.copilot-chat\debugCommand;c:\Users\shail\AppData\Roaming\Code\User\globalStorage\github.copilot-chat\copilotCli;C:\Users\shail\AppData\Local\Programs\Microsoft VS Code;C:\Program Files\Microsoft\jdk-17.0.12.7-hotspot\bin;C:\Python312\Scripts\;C:\Python312\;C:\WINDOWS\system32;C:\WINDOWS;C:\WINDOWS\System32\Wbem;C:\WINDOWS\System32\WindowsPowerShell\v1.0\;C:\WINDOWS\System32\OpenSSH\;C:\ProgramData\chocolatey\bin;C:\Program Files\Git\cmd;C:\Program Files\Git\bin;C:\Users\shail\AppData\Local\Android\Sdk\platform-tools;C:\Users\shail\AppData\Local\Android\Sdk\tools;C:\Users\shail\AppData\Local\Android\Sdk\cmdline-tools\latest\bin;D:\Gaurav_work\RxplFrontend\Rxpl\android;C:\Program Files\Microsoft\jdk-17\bin;C:\Program Files\Microsoft\jdk-17\bin;C:\Program Files\;C:\gradle-8.12.1\bin;C:\Program Files\nodejs\;C:\Program Files\MySQL\MySQL Server 9.6\bin;c:\Users\shail\AppData\Local\Programs\cursor\resources\app\codeBin;C:\Users\shail\AppData\Local\jdk-20\bin;C:\Users\shail\AppData\Local\Android\Sdk\tools;C:\Users\shail\AppData\Local\Microsoft\WindowsApps;C:\Users\shail\AppData\Local\Programs\Microsoft VS Code\bin;C:\Users\shail\Downloads\ffmpeg-master-latest-win64-gpl-shared\ffmpeg-master-latest-win64-gpl-shared\bin;D:\FlutterLearn\flutter\bin;C:\Users\shail\AppData\Local\Programs\cursor\resources\app\bin;C:\Users\shail\AppData\Local\Microsoft\WinGet\Packages\magic-wormhole.magic-wormhole_Microsoft.Winget.Source_8wekyb3d8bbwe;C:\Users\shail\AppData\Roaming\npm
USERNAME=shail
LANG=en_US.UTF-8
OS=Windows_NT
PROCESSOR_IDENTIFIER=Intel64 Family 6 Model 154 Stepping 4, GenuineIntel
TMP=C:\Users\shail\AppData\Local\Temp
TEMP=C:\Users\shail\AppData\Local\Temp



Periodic native trim disabled


---------------  S Y S T E M  ---------------

OS:
 Windows 11 , 64 bit Build 26100 (10.0.26100.8521)
OS uptime: 3 days 0:47 hours

CPU: total 8 (initial active 8) (4 cores per cpu, 2 threads per core) family 6 model 154 stepping 4 microcode 0x42c, cx8, cmov, fxsr, ht, mmx, 3dnowpref, sse, sse2, sse3, ssse3, sse4.1, sse4.2, popcnt, lzcnt, tsc, tscinvbit, avx, avx2, aes, erms, clmul, bmi1, bmi2, adx, sha, fma, vzeroupper, clflush, clflushopt, clwb
Processor Information for processor 0
  Max Mhz: 1200, Current Mhz: 1200, Mhz Limit: 1200
Processor Information for processor 1
  Max Mhz: 1200, Current Mhz: 1200, Mhz Limit: 1200
Processor Information for processor 2
  Max Mhz: 1200, Current Mhz: 1200, Mhz Limit: 1200
Processor Information for processor 3
  Max Mhz: 1200, Current Mhz: 1200, Mhz Limit: 1200
Processor Information for processor 4
  Max Mhz: 1200, Current Mhz: 900, Mhz Limit: 900
Processor Information for processor 5
  Max Mhz: 1200, Current Mhz: 900, Mhz Limit: 900
Processor Information for processor 6
  Max Mhz: 1200, Current Mhz: 900, Mhz Limit: 900
Processor Information for processor 7
  Max Mhz: 1200, Current Mhz: 900, Mhz Limit: 900

Memory: 4k page, system-wide physical 16069M (2666M free)
TotalPageFile size 22339M (AvailPageFile size 263M)
current process WorkingSet (physical memory assigned to process): 589M, peak: 601M
current process commit charge ("private bytes"): 629M, peak: 1071M

vm_info: OpenJDK 64-Bit Server VM (17.0.13+11-LTS) for windows-amd64 JRE (17.0.13+11-LTS), built on Oct 11 2024 23:25:05 by "MicrosoftCorporation" with unknown MS VC++:1939

END.
